-121.9251776,38.41192946,2.4,VACADX_1_NAS,Other
-121.9803452,38.35628107,8,MONLTH_6_BATTRY,Other
-121.7506969,37.30738565,4.8,SWIFT_1_NAS,Other
-117.8323853,33.69094141,2,SANTGO_2_MABBT1,Other
-117.5595691,34.00466163,10,MIRLOM_2_MLBBTA,Other
-117.5590882,34.00466163,10,MIRLOM_2_MLBBTB,Other
-117.7353852,34.09428586,20,CHINO_2_APEBT1,Other
-117.1172876,33.1261554,10,ESCNDO_6_EB1BT1,Other
-117.117376,33.12594637,10,ESCNDO_6_EB2BT2,Other
-117.117395,33.12578815,10,ESCNDO_6_EB3T3,Other
-118.3825342,33.92223894,0.53,ELNIDS_2_DODPEV,Other
-117.3785954,35.76373124,108,MCGEN_1_UNIT,SteamTurbine
-118.2278375,33.77606085,35.8,HINSON_6_CARBGN,SteamTurbine
-121.3284457,37.9414591,49.9,COGNAT_1_UNIT,SteamTurbine
-119.6485066,36.26965248,24,GWFPWR_6_UNIT,SteamTurbine
-121.870336,38.03085733,19,GWFPW1_6_UNIT,SteamTurbine
-121.8601395,38.01598436,19,GWFPW2_1_UNIT 1,SteamTurbine
-121.755818,38.01073131,19,GWFPW3_1_UNIT 1,SteamTurbine
-121.7808172,38.01165592,19,GWFPW4_6_UNIT 1,SteamTurbine
-121.9875119,38.04351207,19,GWFPW5_6_UNIT 1,SteamTurbine
-119.0060018,35.57700664,63.6,MTNPOS_1_UNIT,SteamTurbine
-117.3833469,35.7659268,7.5,SEARLS_7_ARGUS,SteamTurbine
-117.38277,35.76530762,27.5,SEARLS_7_ARGUS,SteamTurbine
-117.3826316,35.76515199,27.5,SEARLS_7_ARGUS,SteamTurbine
-119.0517431,35.74127994,33,VESTAL_6_ULTRGN,SteamTurbine
-115.6289697,32.59784665,676.5,LAROA2_2_UNITA1,CombinedCycle
-117.2422156,34.08135939,527,SBERDO_2_PSP3,CombinedCycle
-121.2605442,37.91261222,55.1,STOKCG_1_UNIT 1,SteamTurbine
-119.0755948,35.54693791,33,ULTOGL_1_POSO,SteamTurbine
-121.1371946,41.13309816,9.38,MCARTH_6_BIGVAL,SteamTurbine
-121.3098012,38.90299678,11.5,SPI LI_2_UNIT 1,SteamTurbine
-121.3096965,38.90299624,1.5,SPI LI_2_UNIT 1,SteamTurbine
-121.3097497,38.90319719,19.2,SPI LI_2_UNIT 1,SteamTurbine
-121.7202036,40.88024448,31,BURNYF_2_UNIT 1,SteamTurbine
-121.6395892,40.91005663,11,MTNPWR_7_BURNEY,SteamTurbine
-120.4905078,37.18709015,12.5,ELNIDP_6_BIOMAS,SteamTurbine
-120.2488342,37.10700723,12.5,CHWCHL_1_BIOMAS,SteamTurbine
-117.9570113,33.63879613,3,ELLIS_2_QF,InternalCombustion
-117.9568765,33.63889485,3,ELLIS_2_QF,InternalCombustion
-117.9570385,33.63828695,3,ELLIS_2_QF,InternalCombustion
-117.9569578,33.63828865,3,ELLIS_2_QF,InternalCombustion
-117.9568784,33.63828833,3,ELLIS_2_QF,InternalCombustion
-117.9568001,33.63828984,1,ELLIS_2_QF,SteamTurbine
-121.2441195,40.30208068,12,COLPIN_6_COLLNS,SteamTurbine
-116.0887451,33.5862524,47,MIRAGE_2_COCHLA,SteamTurbine
-119.2338237,35.71841041,32,PANDOL_6_UNIT 1,SteamTurbine
-119.2343861,35.71839827,26,PANDOL_6_UNIT 2,SteamTurbine
-119.4184248,36.56983724,12,DINUBA_6_UNIT,SteamTurbine
-122.2955074,37.82597597,2.15,OAK L_7_EBMUD,InternalCombustion
-122.2955007,37.82620954,2.15,OAK L_7_EBMUD,InternalCombustion
-122.2954496,37.82621958,2.15,OAK L_7_EBMUD,InternalCombustion
-124.2033461,40.79917079,15,FAIRHV_6_UNIT,SteamTurbine
-120.3175632,37.96655836,7.5,SPIFBD_1_PL1X2,SteamTurbine
-120.3181239,37.96650273,7.5,SPIFBD_1_PL1X2,SteamTurbine
-120.2643754,40.36822623,35.5,HONEYL_6_UNIT,SteamTurbine
-124.195509,40.80501203,20,LAPAC_6_UNIT,SteamTurbine
-120.3395458,36.86185863,25,CAPMAD_1_UNIT 1,SteamTurbine
-120.3659,36.75567829,28,MENBIO_6_UNIT,SteamTurbine
-120.3659017,36.75555748,25,MENBIO_6_UNIT,SteamTurbine
-117.1168102,32.89148824,6.5,MSHGTS_6_MMARLF,InternalCombustion
-121.7670902,36.70703517,0.58,CSTRVL_7_MRWMD,InternalCombustion
-121.7670815,36.70708961,0.58,CSTRVL_7_MRWMD,InternalCombustion
-121.7677706,36.70649474,0.58,CSTRVL_7_MRWMD,InternalCombustion
-121.0173671,40.29734664,11.4,MTNLAS_6_UNIT,SteamTurbine
-117.0114436,32.59860163,1.85,OTAY_6_LNDFL5,InternalCombustion
-117.0112724,32.59857123,1.85,OTAY_6_LNDFL6,InternalCombustion
-124.1048842,40.48082836,12.5,PACLUM_6_UNIT,SteamTurbine
-124.1048237,40.48036025,12.5,PACLUM_6_UNIT,SteamTurbine
-124.1044428,40.4813792,7.5,PACLUM_6_UNIT,SteamTurbine
-121.5649141,39.48105541,9.38,PACORO_6_UNIT,SteamTurbine
-121.5656473,39.4807658,9.38,PACORO_6_UNIT,SteamTurbine
-121.7290137,37.75455439,2.17,CAYTNO_2_VASCO,InternalCombustion
-121.7288709,37.75441789,2.17,CAYTNO_2_VASCO,InternalCombustion
-117.1933686,33.08917092,0.9,SMRCOS_6_LNDFIL,GasTurbine
-117.1934091,33.0891202,0.9,SMRCOS_6_LNDFIL,GasTurbine
-121.7014004,40.87649823,20,SPBURN_2_UNIT 1,SteamTurbine
-120.9095742,39.94017668,20,SPQUIN_6_SRPCQU,SteamTurbine
-120.9089455,39.94138607,7.5,SPQUIN_6_SRPCQU,SteamTurbine
-120.6455637,40.40866167,12.65,SPSUSN_6_UNIT,SteamTurbine
-120.6449694,40.40853443,1.69,SPSUSN_6_UNIT,SteamTurbine
-122.2790004,40.42813712,7.85,WSENGY_1_UNIT 1,SteamTurbine
-122.2794542,40.42742308,54.9,WSENGY_1_UNIT 1,SteamTurbine
-124.194251,40.80535186,28,PACLUM_6_UNIT,SteamTurbine
-117.028583,32.8578552,1.2,CHILLS_1_SYCENG,GasTurbine
-117.0284553,32.85778624,1.2,CHILLS_1_SYCENG,GasTurbine
-117.0285766,32.85769598,3,CHILLS_7_UNITA1,GasTurbine
-116.9597959,32.8558447,0.88,CHILLS_1_SYCENG,GasTurbine
-116.9604001,32.8556053,0.88,CHILLS_1_SYCENG,GasTurbine
-120.1283285,34.47724806,3.05,GOLETA_6_TAJIGS,InternalCombustion
-121.4887819,37.71952861,23,THMENG_1_UNIT 1,SteamTurbine
-123.994917,40.87742847,13.8,BLULKE_6_BLUELK,SteamTurbine
-123.9951257,40.87719992,13.8,BLULKE_6_BLUELK,SteamTurbine
-119.7227771,36.68900422,24.3,ULTPFR_1_UNIT 1,SteamTurbine
-121.3129977,38.83201331,24.3,ULTRCK_2_UNIT,SteamTurbine
-120.4776852,37.87451469,25,ULTPCH_1_UNIT 1,SteamTurbine
-119.3944305,36.3886398,1.8,RECTOR_7_TULARE,InternalCombustion
-122.1094412,39.10582572,29,WADHAM_6_UNIT,SteamTurbine
-121.7379357,38.69060598,28,BIOMAS_1_UNIT 1,SteamTurbine
-121.6497797,37.74947256,3.5,USWND4_2_UNIT2,GasTurbine
-121.649715,37.74942822,3.5,USWND4_2_UNIT2,GasTurbine
-121.649987,37.74927023,1.3,USWND4_2_UNIT2,InternalCombustion
-121.6499366,37.74922331,1.3,USWND4_2_UNIT2,InternalCombustion
-117.8410095,33.93230886,5.6,OLINDA_7_LNDFIL,InternalCombustion
-118.2408322,33.76011446,34.6,HINSON_6_SERRGN,SteamTurbine
-118.1543917,33.99492201,11.5,LAGBEL_2_STG1,SteamTurbine
-117.8215409,33.61276781,10,SANTGO_6_COYOTE,SteamTurbine
-122.2809637,38.18083933,0.9,HIWAY_7_ACANYN,InternalCombustion
-122.2808689,38.1807457,0.9,HIWAY_7_ACANYN,InternalCombustion
-121.8953859,37.21433109,0.5,HICKS_7_GUADLP,InternalCombustion
-121.8954018,37.21437036,0.5,HICKS_7_GUADLP,InternalCombustion
-121.8954188,37.21440651,0.5,HICKS_7_GUADLP,InternalCombustion
-121.8953667,37.21429307,1.1,HICKS_7_GUADLP,InternalCombustion
-122.1747604,37.49459907,0.5,BLHVN_7_MENLOP,InternalCombustion
-122.1746378,37.4945958,0.5,BLHVN_7_MENLOP,InternalCombustion
-122.1745115,37.49459912,0.5,BLHVN_7_MENLOP,InternalCombustion
-122.1744191,37.49459464,0.5,BLHVN_7_MENLOP,InternalCombustion
-119.2116146,34.2334462,5.55,SNCLRA_6_QF,InternalCombustion
-119.2115129,34.23345408,1.85,SNCLRA_6_QF,InternalCombustion
-119.2113266,34.23346996,1.85,SNCLRA_6_QF,InternalCombustion
-118.0242379,34.02342872,50,WALNUT_6_HILLGEN,SteamTurbine
-118.0241761,34.0237561,2.8,WALNUT_6_HILLGEN,GasTurbine
-118.0243409,34.02336722,2.7,RHONDO_6_PUENTE,InternalCombustion
-118.0241727,34.02334178,2.7,RHONDO_6_PUENTE,InternalCombustion
-118.0242733,34.02328308,2.7,RHONDO_6_PUENTE,InternalCombustion
-117.8215528,34.04091246,10.6,CHINO_2_LNDFIL,SteamTurbine
-118.3497265,33.79284693,13,LAFRES_6_QF,SteamTurbine
-122.1056841,36.97359312,1.6,PSWEET_1_STCRUZ,InternalCombustion
-121.7676583,36.71390521,1,CASTVL_7_MRWMD,GasTurbine
-121.7676093,36.71386801,0.8,CASTVL_7_MRWMD,GasTurbine
-121.7675774,36.7138244,0.8,CASTVL_7_MRWMD,GasTurbine
-121.7675403,36.71378846,1,CASTVL_7_MRWMD,GasTurbine
-121.7675188,36.71406674,1,CASTVL_7_MRWMD,GasTurbine
-121.7673907,36.71391246,1,CASTVL_7_MRWMD,GasTurbine
-122.3766253,37.96864375,1,RICHMN_7_BAYENV,InternalCombustion
-122.3766198,37.96858684,1,RICHMN_7_BAYENV,InternalCombustion
-122.3764626,37.96850602,1,RICHMN_7_BAYENV,InternalCombustion
-121.970408,37.41364642,1.5,MNTVIS_1_QF,InternalCombustion
-121.6156052,36.80174153,1.5,PRNDAL_7_COVANT,InternalCombustion
-121.1416277,37.38572877,24,STNRES_1_UNIT,SteamTurbine
-117.9055493,34.03351971,4.9,WALNUT_7_WCOVCT,GasTurbine
-117.9059849,34.03378896,6.8,WALNUT_7_WCOVST,SteamTurbine
-121.6874224,38.59618597,0.45,DAVIS_7_MNMETH,InternalCombustion
-122.3287922,40.47329721,6.8,JESSUP_1_HUDSON,SteamTurbine
-122.3284819,40.47306866,6.8,JESSUP_1_HUDSON,SteamTurbine
-117.2457683,32.67748616,2.3,CBRLLO_6_PLSTP1,InternalCombustion
-117.2458458,32.67738958,2.3,CBRLLO_6_PLSTP1,InternalCombustion
-122.3233087,40.47235633,4,SPIAND_1_UNIT,SteamTurbine
-121.9357864,37.455159,0.5,MNTAGU_7_NEWBYI,InternalCombustion
-121.9357276,37.45513807,0.5,MNTAGU_7_NEWBYI,InternalCombustion
-121.9356888,37.45511903,0.5,MNTAGU_7_NEWBYI,InternalCombustion
-121.9358397,37.45510086,0.5,MNTAGU_7_NEWBYI,InternalCombustion
-122.015431,37.41857887,0.8,LAWRNC_7_SUNYVL,InternalCombustion
-122.0152094,37.41854056,0.8,LAWRNC_7_SUNYVL,InternalCombustion
-117.6146734,33.49517715,3.05,CPSTNO_7_PRMADS,InternalCombustion
-117.6145488,33.49520563,3.05,CPSTNO_7_PRMADS,InternalCombustion
-122.7481157,38.30157134,3.2,SNMALF_6_UNITS,InternalCombustion
-122.7480222,38.30165014,0.8,SNMALF_6_UNITS,InternalCombustion
-122.7479547,38.30164454,0.8,SNMALF_6_UNITS,InternalCombustion
-122.7479096,38.30163747,0.8,SNMALF_6_UNITS,InternalCombustion
-122.7478529,38.30162638,0.8,SNMALF_6_UNITS,InternalCombustion
-122.7477275,38.3014978,3.2,SNMALF_6_UNITS,InternalCombustion
-122.7476243,38.30159206,0.8,SNMALF_6_UNITS,InternalCombustion
-122.7475694,38.30158283,0.8,SNMALF_6_UNITS,InternalCombustion
-122.7475164,38.30157404,0.8,SNMALF_6_UNITS,InternalCombustion
-122.7474534,38.30155833,0.8,SNMALF_6_UNITS,InternalCombustion
-122.7477619,38.30114842,1.6,SNMALF_6_UNITS,InternalCombustion
-122.7479249,38.30118042,0.8,SNMALF_6_UNITS,InternalCombustion
-122.7478725,38.30117352,0.8,SNMALF_6_UNITS,InternalCombustion
-120.9145234,38.27738572,22.5,JAKVAL_2_IONE,SteamTurbine
-117.1971248,32.87864149,3.8,EGATE_7_NOCITY,InternalCombustion
-117.3402515,34.04714048,1.3,COLTON_7_LNDFIL,InternalCombustion
-117.5587163,34.03640807,1.1,CHINO_7_MILIKN,InternalCombustion
-117.5587137,34.03636363,1.1,CHINO_7_MILIKN,InternalCombustion
-117.4750626,33.79390074,1.35,VALLEY_7_UNITA1,InternalCombustion
-117.4750694,33.79382213,1.35,VALLEY_7_UNITA1,InternalCombustion
-117.4750747,33.79374587,1.35,VALLEY_7_UNITA1,InternalCombustion
-118.8018482,34.29187938,1.35,MOORPK_7_UNITA1,InternalCombustion
-118.8019094,34.29182542,1.35,MOORPK_7_UNITA1,InternalCombustion
-117.4273901,34.14244721,1.3,ETIWND_7_MIDVLY,InternalCombustion
-117.4273889,34.14239069,1.3,ETIWND_7_MIDVLY,InternalCombustion
-117.1215906,33.95490225,1.3,VALLEY_7_BADLND,InternalCombustion
-119.1845676,34.14150928,0.5,SNCLRA_6_QF,InternalCombustion
-119.1845631,34.14135899,0.5,SNCLRA_6_QF,InternalCombustion
-119.1845584,34.14128407,0.5,SNCLRA_6_QF,InternalCombustion
-117.2422156,34.08106831,527,SBERDO_2_PSP4,CombinedCycle
-117.1696702,33.73935963,405,INLDEM_5_UNIT 1,CombinedCycle
-117.1696526,33.73849268,405,INLDEM_5_UNIT 2,CombinedCycle
-115.6301818,32.5984539,353,LAROA1_2_UNITA1,CombinedCycle
-122.2705598,39.36635975,328,COLUSA_2_CTG1,CombinedCycle
-121.3311691,37.94308691,50.6,COGNAT_1_UNIT,SteamTurbine
-121.8113492,36.91454898,1.06,GRNVLY_7_SCLAND,InternalCombustion
-121.8114782,36.91445799,1.06,GRNVLY_7_SCLAND,InternalCombustion
-121.8114026,36.91451138,1.06,GRNVLY_7_SCLAND,InternalCombustion
-121.9344018,38.00416801,1.92,KIRKER_7_KELCYN,InternalCombustion
-121.9344383,38.00410933,1.92,KIRKER_7_KELCYN,InternalCombustion
-122.4058451,37.50445975,1.91,OXMTN_6_LNDFIL,InternalCombustion
-122.4059782,37.50427231,1.91,OXMTN_6_LNDFIL,InternalCombustion
-122.4058916,37.50403787,1.91,OXMTN_6_LNDFIL,InternalCombustion
-122.4059135,37.50397458,1.91,OXMTN_6_LNDFIL,InternalCombustion
-122.4059338,37.50393227,1.91,OXMTN_6_LNDFIL,InternalCombustion
-122.4059536,37.50387853,1.91,OXMTN_6_LNDFIL,InternalCombustion
-121.3418042,38.83799919,0.81,PLSNTG_7_LNCLND,InternalCombustion
-121.341748,38.83803036,0.81,PLSNTG_7_LNCLND,InternalCombustion
-121.3417076,38.83806197,0.81,PLSNTG_7_LNCLND,InternalCombustion
-121.3416343,38.83811968,0.81,PLSNTG_7_LNCLND,InternalCombustion
-121.3415781,38.83815147,0.81,PLSNTG_7_LNCLND,InternalCombustion
-121.341514,38.83818779,0.81,PLSNTG_7_LNCLND,InternalCombustion
-118.7211103,34.14774438,4.6,MOORPK_2_CALABS,SteamTurbine
-118.721083,34.14774575,4.6,MOORPK_2_CALABS,SteamTurbine
-118.7210586,34.14774738,4.6,MOORPK_2_CALABS,SteamTurbine
-120.4139434,34.95016596,1.4,SISQUC_1_SMARIA,InternalCombustion
-118.9856923,35.63143817,44,MTNPOS_1_UNIT,SteamTurbine
-121.833595,38.31473363,1.6,PEABDY_2_LNDFIL,SteamTurbine
-121.3965437,39.07537778,1.6,WHEATL_6_LNDFIL,InternalCombustion
-121.3966331,39.0753958,1.6,WHEATL_6_LNDFIL,InternalCombustion
-122.2965092,37.82605246,4.6,OAK L_1_GTG1,GasTurbine
-121.7265028,39.67455416,1,ESQUON_6_LNDFIL,SteamTurbine
-118.6441835,34.43032441,4.6,SAUGUS_7_CHIQCN,GasTurbine
-118.6443629,34.43022842,4.6,SAUGUS_7_CHIQCN,GasTurbine
-121.1853073,37.88326721,2.17,WEBER_6_FORWRD,InternalCombustion
-121.1851966,37.88327107,2.17,WEBER_6_FORWRD,InternalCombustion
-120.9297973,38.03035628,2.17,CORRAL_6_SJOAQN,InternalCombustion
-120.9298173,38.02990976,2.17,CORRAL_6_SJOAQN,InternalCombustion
-120.5995473,35.18678415,1.5,SANLOB_1_LNDFIL,InternalCombustion
-121.4061212,36.53316765,1.42,GONZLS_6_UNIT,InternalCombustion
-118.9981007,34.40094431,2.25,SAUGUS_2_TOLAND,GasTurbine
-119.1083363,35.18845449,3.6,OLDRIV_6_BIOGAS,SteamTurbine
-118.5194042,34.33580704,4.6,SUNSHN_2_LNDFL1,GasTurbine
-118.5193171,34.33573032,4.6,SUNSHN_2_LNDFL2,GasTurbine
-118.5192148,34.33566223,4.6,SUNSHN_2_LNDFL3,GasTurbine
-118.5191492,34.3355952,4.6,SUNSHN_2_LNDFL4,GasTurbine
-118.5190938,34.33552354,4.6,SUNSHN_2_LNDFL5,GasTurbine
-117.0119252,32.60524941,1.6,OTAY_6_LNDFL5,InternalCombustion
-117.0117114,32.60530634,1.6,OTAY_6_LNDFL6,InternalCombustion
-122.323881,40.4717743,30.15,SPIAND_1_ANDSN2,SteamTurbine
-118.0690224,33.93288875,1.6,PEABDY_2_LNDFL1,InternalCombustion
-118.0683655,33.93286903,1.6,PEABDY_2_LNDFL1,InternalCombustion
-118.0675964,33.93282172,1.6,PEABDY_2_LNDFL1,InternalCombustion
-118.0667342,33.9327985,1.6,PEABDY_2_LNDFL1,InternalCombustion
-118.0660461,33.93279536,1.6,PEABDY_2_LNDFL1,InternalCombustion
-121.9510502,37.43479524,1.6,DIXNLD_1_LNDFL,InternalCombustion
-117.3654387,34.59497342,323,HIDSRT_7_STG,CombinedCycle
-121.8449071,38.01837907,313,DELTA_2_STG,CombinedCycle
-115.627863,32.60091435,310.25,TERMEX_2_STG,CombinedCycle
-118.1019313,33.76958302,174.5,ALAMIT_7_UNIT 1,SteamTurbine
-118.1016062,33.76959249,175,ALAMIT_7_UNIT 2,SteamTurbine
-118.1019057,33.76907071,325.96,ALAMIT_7_UNIT 3,SteamTurbine
-118.101611,33.76906339,324.31,ALAMIT_7_UNIT 4,SteamTurbine
-118.1001737,33.76917953,485,ALAMIT_7_UNIT 5,SteamTurbine
-118.1004938,33.76866406,485,ALAMIT_7_UNIT 6,SteamTurbine
-118.0998677,33.76866192,133,ALAMIT_7_UNIT 7,GasTurbine
-119.5938342,35.2952616,300,LAPLMA_2_UNIT 1,CombinedCycle
-119.5931936,35.29526888,300,LAPLMA_2_UNIT 2,CombinedCycle
-117.8557875,33.85373982,49.27,ANAHM_7_CT,GasTurbine
-119.59255,35.29527615,300,LAPLMA_2_UNIT 3,CombinedCycle
-119.5919152,35.29528821,300,LAPLMA_2_UNIT 4,CombinedCycle
-118.4950393,34.38408391,21.4,TENGEN_6_UNIT 1,GasTurbine
-118.4947083,34.38408671,21.4,TENGEN_6_UNIT 2,GasTurbine
-118.2410725,33.80948776,12,ARCO_6_UCPPET,Other
-116.9147112,32.5738334,291,OTMESA_2_PL1X3,CombinedCycle
-121.8723921,38.03052719,250,LMEC_1_STG,CombinedCycle
-122.1342445,37.63458867,250,RUSCTY_2_STG,CombinedCycle
-121.7587005,38.01651378,249.82,GATWAY_2_PL1X3,CombinedCycle
-122.2156994,38.05715045,247.4,CROKET_7_UNIT,CombinedCycle
-119.5846612,35.21086963,237.6,SUNRIS_2_UNIT 3,CombinedCycle
-119.0300206,35.4839822,47,BDGRCK_1_UNITS,GasTurbine
-117.1177296,33.11911778,229,PALOMR_7_STG3,CombinedCycle
-119.471104,35.28128419,225,ELKHIL_7_STG,CombinedCycle
-118.4256713,33.91121512,202,ELSEGN_2_UN10,CombinedCycle
-118.4247726,33.90972462,202,ELSEGN_2_UN2021,CombinedCycle
-120.4579212,34.94401845,9,SMARQF_1_UNIT 1,GasTurbine
-117.8620449,33.8589152,50.04,ANAHM_2_CANYN1,GasTurbine
-117.8619541,33.85867725,50.2,ANAHM_2_CANYN2,GasTurbine
-117.8618666,33.85842266,50.2,ANAHM_2_CANYN3,GasTurbine
-117.8617726,33.85819896,50.04,ANAHM_2_CANYN4,GasTurbine
-118.1471726,34.12552077,45,BRDWAY_7_UNIT 1,SteamTurbine
-118.1469362,34.12483469,45,BRDWAY_7_UNIT 2,SteamTurbine
-118.1474572,34.12500537,75,BRDWAY_7_UNIT 3,SteamTurbine
-121.7470328,37.22068983,201,METEC_7_STG3,CombinedCycle
-116.9139404,32.57319605,199,OTMESA_2_PL1X3,CombinedCycle
-116.9135399,32.57319932,199,OTMESA_2_PL1X3,CombinedCycle
-114.9941659,35.78809506,196,MRCHNT_2_STG,CombinedCycle
-122.1338622,37.6345574,195,RUSCTY_2_CTG1,CombinedCycle
-122.1334508,37.63455522,195,RUSCTY_2_CTG2,CombinedCycle
-120.3884093,36.18079379,2.76,CHEVCO_6_UNIT 1,GasTurbine
-120.3885965,36.18046577,2.76,CHEVCO_6_UNIT 1,GasTurbine
-120.3885167,36.18046413,2.76,CHEVCO_6_UNIT 1,GasTurbine
-120.3883426,36.18079509,2.76,CHEVCO_6_UNIT 1,GasTurbine
-120.3886032,36.18041134,2.76,CHEVCO_6_UNIT 1,GasTurbine
-120.388521,36.18040864,2.76,CHEVCO_6_UNIT 1,GasTurbine
-122.0597203,37.97245396,3.1,MEDOLN_7_CHEVCP,InternalCombustion
-119.6807602,35.37430042,2.5,CHEVCY_1_UNIT,GasTurbine
-119.680625,35.37429815,2.5,CHEVCY_1_UNIT,GasTurbine
-119.680492,35.37429969,2.76,CHEVCY_1_UNIT,GasTurbine
-119.6803568,35.37430313,2.76,CHEVCY_1_UNIT,GasTurbine
-119.6802192,35.37430846,2.76,CHEVCY_1_UNIT,GasTurbine
-119.6800886,35.37431001,2.76,CHEVCY_1_UNIT,GasTurbine
-119.6799464,35.37430581,2.5,CHEVCY_1_UNIT,GasTurbine
-119.6798135,35.37430544,2.5,CHEVCY_1_UNIT,GasTurbine
-118.9612237,35.44081254,24.4,DISCOV_1_CHEVRN,GasTurbine
-118.9612217,35.44052664,24.4,DISCOV_1_CHEVRN,GasTurbine
-115.629737,32.59834557,193.5,LAROA2_2_CTG 2S,CombinedCycle
-121.7772364,36.80448358,190,MOSSLD_2_PSP1,CombinedCycle
-122.3895134,37.94056529,10,STOILS_1_UNITS,Other
-122.3915039,37.94448961,4,STOILS_1_UNITS,SteamTurbine
-122.39243,37.94247008,4,STOILS_1_UNITS,SteamTurbine
-122.3903987,37.94199033,4,STOILS_1_UNITS,SteamTurbine
-122.38932,37.9403288,9,STOILS_1_UNITS,SteamTurbine
-122.3947404,37.94604565,30.4,STOILS_1_UNITS,SteamTurbine
-121.777393,36.80395931,190,MOSSLD_2_PSP2,CombinedCycle
-121.695747,39.05284063,187,SUTTER_2_STG,CombinedCycle
-121.3870869,38.08753797,187,LODIEC_2_CTG,CombinedCycle
-115.6274585,32.60111092,185.3,TERMEX_2_GTG1,CombinedCycle
-115.6279496,32.60121915,185.3,TERMEX_2_GTG2,CombinedCycle
-114.6868366,33.61668596,185,BUCKBL_2_STG10,CombinedCycle
-118.8428047,34.95631981,185,LEBECS_7_STG3,CombinedCycle
-121.6962246,39.0528447,182.4,SUTTER_2_CTG1,CombinedCycle
-119.4708018,35.11355615,3.12,CHEVCD_6_UNIT,GasTurbine
-119.4707009,35.11345204,3.12,CHEVCD_6_UNIT,GasTurbine
-119.4706333,35.11334927,3.12,CHEVCD_6_UNIT,GasTurbine
-119.4705612,35.11327507,3.12,CHEVCD_6_UNIT,GasTurbine
-121.9443046,37.36423863,3.9,CSCCOG_1_UNIT 1,GasTurbine
-121.9441994,37.36424368,3.9,CSCCOG_1_UNIT 1,SteamTurbine
-121.8894366,37.32778559,1.5,SJOSEA_7_SJCONV,InternalCombustion
-120.356031,36.1900766,38.4,COLGA1_6_SHELLW,GasTurbine
-121.6968067,39.05280445,182.4,SUTTER_2_CTG2,CombinedCycle
-121.7605373,38.01877662,340,COCOPP_7_UNIT 6,SteamTurbine
-121.7598997,38.01877703,340,COCOPP_7_UNIT 7,SteamTurbine
-117.5802763,33.89185365,47,MIRLOM_6_DELGEN,GasTurbine
-121.8454468,38.01725432,182.4,DELTA_2_CTG1,CombinedCycle
-121.8454467,38.01688296,182.4,DELTA_2_CTG2,CombinedCycle
-122.0394324,38.24658558,1,SUISUN_7_CTYFAI,InternalCombustion
-122.0393422,38.24658758,0.45,SUISUN_7_CTYFAI,InternalCombustion
-122.0388356,38.24662043,1.47,SUISUN_7_CTYFAI,InternalCombustion
-121.8454374,38.01650698,182.4,DELTA_2_CTG3,CombinedCycle
-121.7455424,37.22057308,182.4,METEC_7_CTG1,CombinedCycle
-121.7460109,37.22045053,182.4,METEC_7_CTG2,CombinedCycle
-122.2695313,39.36630262,182,COLUSA_2_CTG2,CombinedCycle
-122.2700632,39.36630704,182,COLUSA_2_STG,CombinedCycle
-121.7588201,38.0172357,181.64,GATWAY_2_PL1X3,CombinedCycle
-119.0462164,35.50056827,24,DOUBLC_1_UNITS,GasTurbine
-119.0459397,35.50056028,24,DOUBLC_1_UNITS,GasTurbine
-121.8517387,38.02365669,17.7,DOWCHM_1_UNITS,GasTurbine
-121.8514887,38.02434732,24,DOWCHM_1_UNITS,GasTurbine
-121.8519579,38.0229943,24,DOWCHM_1_UNITS,GasTurbine
-119.1664675,34.19581534,48.5,SNCLRA_6_OXGEN,GasTurbine
-116.9722661,32.79583057,13,ELCAJN_7_GT1,GasTurbine
-118.4251713,33.91134456,175,ELSEGN_7_UNIT 1,SteamTurbine
-118.4247995,33.91076203,175,ELSEGN_7_UNIT 2,SteamTurbine
-118.4245375,33.90983984,335,ELSEGN_7_UNIT 3,SteamTurbine
-118.4242986,33.90933549,335,ELSEGN_7_UNIT 4,SteamTurbine
-119.8999474,34.43139073,56.7,GOLETA_6_ELLWOD,GasTurbine
-117.3368411,33.13605836,107,ENCINA_7_EA1,SteamTurbine
-117.3368064,33.13596266,104,ENCINA_7_EA2,SteamTurbine
-117.3367455,33.13585232,110,ENCINA_7_EA3,SteamTurbine
-117.3366517,33.13565039,300,ENCINA_7_EA4,SteamTurbine
-117.3365623,33.13544436,330,ENCINA_7_EA5,SteamTurbine
-117.3364545,33.13524677,14,ENCINA_7_GT1,GasTurbine
-117.5286017,34.09138068,122.48,ETIWND_7_UNIT 1,SteamTurbine
-117.5279752,34.09136755,122.48,ETIWND_7_UNIT 2,SteamTurbine
-117.52672,34.09126286,333,ETIWND_7_UNIT 3,SteamTurbine
-117.5262651,34.09127011,333,ETIWND_7_UNIT 4,SteamTurbine
-117.5282965,34.09135476,138.13,ETIWND_7_UNIT 5,GasTurbine
-121.7588116,38.01687637,181.64,GATWAY_2_PL1X3,CombinedCycle
-117.3640334,34.59555522,177.3,HIDSRT_7_CTG1,CombinedCycle
-119.3216313,35.39514627,6.05,FRITO_1_LAY,GasTurbine
-119.7405631,36.6898624,49,MALAGA_7_CTG1,GasTurbine
-119.7402714,36.68986509,49,MALAGA_7_CTG2,GasTurbine
-117.3640139,34.5951911,177.3,HIDSRT_7_CTG2,CombinedCycle
-117.3640124,34.59485123,177.3,HIDSRT_7_CTG3,CombinedCycle
-121.9687012,37.40104475,32.3,CSCGNR_1_UNIT 1,GasTurbine
-121.9685472,37.40110919,32,CSCGNR_1_UNIT 2,GasTurbine
-114.6864261,33.61580237,176,BUCKBL_2_CTG11,CombinedCycle
-114.6864181,33.61555185,176,BUCKBL_2_CTG12,CombinedCycle
-118.1489054,34.12668943,30.58,GLNARM_7_UNIT 1,GasTurbine
-118.1486093,34.12669035,30.58,GLNARM_7_UNIT 2,GasTurbine
-118.1493744,34.12626576,47.3,GLNARM_7_UNIT 3,GasTurbine
-118.1493699,34.12606912,47.3,GLNARM_7_UNIT 4,GasTurbine
-118.1492407,34.12643256,71,GLNARM_2_UNIT 5,GasTurbine
-121.7782613,36.80473432,175,MOSSLD_2_PSP1,CombinedCycle
-121.7777915,36.80459755,175,MOSSLD_2_PSP1,CombinedCycle
-121.7783467,36.80410747,175,MOSSLD_2_PSP2,CombinedCycle
-121.7779339,36.80406188,175,MOSSLD_2_PSP2,CombinedCycle
-121.6394783,39.13626766,50,GRNLF2_1_UNIT,GasTurbine
-117.0064656,32.77960834,4.6,MURRAY_6_UNIT,GasTurbine
-117.0064226,32.77967937,0.8,MURRAY_6_UNIT,GasTurbine
-117.0064145,32.77962955,0.8,MURRAY_6_UNIT,GasTurbine
-121.8731353,38.02955626,172,LMEC_1_CTG1,CombinedCycle
-121.8728839,38.03024815,172,LMEC_1_CTG2,CombinedCycle
-119.4695906,35.28057682,171,ELKHIL_7_CTG1,CombinedCycle
-119.4701082,35.28066138,171,ELKHIL_7_CTG2,CombinedCycle
-119.039976,35.51572957,24,SIERRA_1_UNITS,GasTurbine
-119.0399642,35.51550555,24,SIERRA_1_UNITS,GasTurbine
-124.2104556,40.74127747,53,HUMBPP_7_UNIT 1,SteamTurbine
-124.2101905,40.74140809,54,HUMBPP_7_UNIT 2,SteamTurbine
-124.2103168,40.74115573,15,HUMBPP_1_MOBLE2,SteamTurbine
-124.2100452,40.7412818,15,HUMBPP_1_MOBLE3,SteamTurbine
-124.2088141,40.74135205,16.7,HUMBPP_6_UNITS1,InternalCombustion
-124.2087336,40.74131422,16.7,HUMBPP_6_UNITS1,InternalCombustion
-124.2086597,40.74128332,16.7,HUMBPP_6_UNITS2,InternalCombustion
-124.208595,40.74124972,16.7,HUMBPP_6_UNITS2,InternalCombustion
-124.2085176,40.74121179,16.7,HUMBPP_6_UNITS2,InternalCombustion
-124.2083818,40.74114242,16.7,HUMBPP_6_UNITS2,InternalCombustion
-124.208304,40.74109734,16.7,HUMBPP_1_UNITS3,InternalCombustion
-124.2082425,40.74106364,16.7,HUMBPP_1_UNITS3,InternalCombustion
-124.2081622,40.74103057,16.7,HUMBPP_1_UNITS3,InternalCombustion
-124.208094,40.74098993,16.7,HUMBPP_1_UNITS3,InternalCombustion
-117.9795232,33.64489146,215,HNTGBH_7_UNIT 1,SteamTurbine
-117.979056,33.64463636,215,HNTGBH_7_UNIT 2,SteamTurbine
-117.9783223,33.64421872,225,HNTGBH_7_UNIT 3,SteamTurbine
-117.977913,33.64396868,225,HNTGBH_7_UNIT 4,SteamTurbine
-117.9787881,33.64490667,133,HNTGBH_7_UNIT 5,GasTurbine
-117.5412372,34.04538239,34,ETIWND_2_UNIT1,GasTurbine
-122.2659941,38.27815117,0.8,NAPA_2_UNIT,GasTurbine
-122.2658752,38.27814389,0.8,NAPA_2_UNIT,GasTurbine
-120.6286949,37.36249772,10.4,JRWOOD_1_UNIT 1,InternalCombustion
-114.994563,35.78871312,170,MRCHNT_2_CTG1,CombinedCycle
-114.9937836,35.78869396,170,MRCHNT_2_CTG2,CombinedCycle
-117.1337954,32.83425866,14,KEARNY_7_KY2A,GasTurbine
-117.1337891,32.83419636,14,KEARNY_7_KY2B,GasTurbine
-117.1337972,32.83390288,14,KEARNY_7_KY2C,GasTurbine
-117.1337883,32.83366362,13,KEARNY_7_KY2D,GasTurbine
-117.1337938,32.83408449,15,KEARNY_7_KY3A,GasTurbine
-117.1337974,32.83402364,14,KEARNY_7_KY3B,GasTurbine
-117.1337995,32.83384564,14,KEARNY_7_KY3C,GasTurbine
-117.1337982,32.83372492,14,KEARNY_7_KY3D,GasTurbine
-117.1335112,32.83396412,15,KEARNY_7_KY1,GasTurbine
-117.1470764,32.69395637,8,SAMPSN_6_KELCO1,GasTurbine
-117.1465356,32.69512149,10,SAMPSN_6_KELCO1,GasTurbine
-117.1465338,32.69598963,10,SAMPSN_6_KELCO1,GasTurbine
-119.0308987,35.50911882,24,KERNFT_1_UNITS,GasTurbine
-119.030332,35.50914268,24,KERNFT_1_UNITS,GasTurbine
-118.9848551,35.4522777,75,OMAR_2_UNIT 1,GasTurbine
-118.9848961,35.45189648,75,OMAR_2_UNIT 2,GasTurbine
-118.9849202,35.45149607,75,OMAR_2_UNIT 3,GasTurbine
-118.9849505,35.45111826,75,OMAR_2_UNIT 4,GasTurbine
-117.1405071,32.81949681,2.06,KYCORA_7_UNIT 1,InternalCombustion
-117.1405414,32.81944202,1.66,KYCORA_7_UNIT 1,InternalCombustion
-119.0085729,35.49611318,47,LIVOAK_1_UNIT 1,GasTurbine
-119.5846257,35.21043348,167.2,SUNRIS_2_UNIT 1,CombinedCycle
-119.5846221,35.21001651,167.2,SUNRIS_2_UNIT 2,CombinedCycle
-118.8444822,34.95581708,167,LEBECS_7_CTG1,CombinedCycle
-118.2251449,33.76403195,65,HINSON_6_LBECH1,GasTurbine
-118.2248793,33.76413635,65,HINSON_6_LBECH2,GasTurbine
-118.2245545,33.76425137,65,HINSON_6_LBECH3,GasTurbine
-118.2242737,33.76435143,65,HINSON_6_LBECH4,GasTurbine
-119.2510158,34.2067244,217.6,MNDALY_7_UNIT 1,SteamTurbine
-119.2508231,34.20635273,217.6,MNDALY_7_UNIT 2,SteamTurbine
-119.2510483,34.2064888,138.13,MNDALY_7_UNIT 3,GasTurbine
-119.6623178,35.31940965,47,MKTRCK_1_UNIT 1,GasTurbine
-119.5705867,35.19431172,39.1,MIDSET_1_UNIT 1,GasTurbine
-119.6244116,35.23088078,23,MIDSUN_1_PL1X2,GasTurbine
-119.630354,35.2274768,78,SUNSET_2_UNIT A,GasTurbine
-119.6298656,35.22739899,78,SUNSET_2_UNIT B,GasTurbine
-119.6293772,35.22732357,78,SUNSET_2_UNIT C,GasTurbine
-117.1663548,32.87614171,16,MRGT_7_MR1A,GasTurbine
-117.1662684,32.87613853,17,MRGT_7_MR1B,GasTurbine
-118.8436346,34.95608028,167,LEBECS_7_CTG2,CombinedCycle
-119.443505,35.09318843,9.2,TANHIL_6_SOLART,GasTurbine
-119.4433888,35.09319359,9.2,TANHIL_6_SOLART,GasTurbine
-119.4438452,35.09305472,9.2,TANHIL_6_SOLART,GasTurbine
-120.8573952,35.37231048,156,MORBAY_7_UNIT 1,SteamTurbine
-120.8571576,35.37217644,156,MORBAY_7_UNIT 2,SteamTurbine
-120.8567884,35.37200049,300,MORBAY_7_UNIT 3,SteamTurbine
-120.8563747,35.3717534,300,MORBAY_7_UNIT 4,SteamTurbine
-121.7823255,36.80488863,702,MOSSLD_7_UNIT 6,SteamTurbine
-121.7823464,36.80455787,702,MOSSLD_7_UNIT 7,SteamTurbine
-122.2894481,37.7887609,25,ALMEGT_1_UNIT 1,GasTurbine
-122.2894553,37.7886403,24.9,ALMEGT_1_UNIT 2,GasTurbine
-121.3006735,38.14651623,25,LODI25_2_UNIT 1,GasTurbine
-121.3870083,38.0885528,50,STIGCT_2_LODI,GasTurbine
-118.8431977,34.95621651,167,LEBECS_7_CTG4,CombinedCycle
-121.4915001,37.71110654,167,SCHLTE_1_PL1X3,CombinedCycle
-117.1176494,33.1201621,165,PALOMR_7_CTG1,CombinedCycle
-117.1172102,33.12016278,165,PALOMR_7_CTG2,CombinedCycle
-121.9325766,37.42436955,140,LECEF_1_STG1,CombinedCycle
-117.1464807,32.72604025,5.3,URBAN_6_NMED1,GasTurbine
-117.1470383,32.72650473,0.8,URBAN_6_NMED1,GasTurbine
-117.1470345,32.72634026,0.8,URBAN_6_NMED1,GasTurbine
-117.1463659,32.72612794,4.6,URBAN_6_NMED1,GasTurbine
-117.1470363,32.7264233,0.8,URBAN_6_NMED1,GasTurbine
-117.3758343,35.76219674,20,SEARLS_7_WESTEN,GasTurbine
-117.189283,32.70476268,17,NIMTG_6_NIQF,GasTurbine
-117.1893472,32.70479045,17,NIMTG_6_NIQF,GasTurbine
-115.629341,32.59822002,130,LAROA2_2_STG 2C,CombinedCycle
-116.8529031,34.86352501,119.97,CWATER_7_ST30,CombinedCycle
-116.8529816,34.86265679,119.97,CWATER_7_ST40,CombinedCycle
-121.3871977,38.08787398,105.23,LODIEC_2_STG,CombinedCycle
-118.8448526,34.9556635,92,LEBECS_7_STG5,CombinedCycle
-121.1271308,36.22544848,90,BASICE_2_UNIT 1,CombinedCycle
-121.5362788,37.00018249,85.4,GILROY_1_CT1,CombinedCycle
-116.8516143,34.86351363,84.96,CWATER_7_CT31,CombinedCycle
-122.2814669,37.79679671,74.5,OAK C_7_UNIT 1,GasTurbine
-122.2810752,37.7966772,74.5,OAK C_7_UNIT 2,GasTurbine
-122.2808303,37.79656264,74.5,OAK C_7_UNIT 3,GasTurbine
-119.0082932,35.4189146,40,OILDAL_1_UNIT 1,GasTurbine
-119.1688668,34.12945149,806.4,ORMOND_7_UNIT 1,SteamTurbine
-119.1685395,34.12919989,806.4,ORMOND_7_UNIT 2,SteamTurbine
-121.5630336,39.49234112,1.2,OROVIL_6_UNIT,InternalCombustion
-121.5630325,39.49228684,1.2,OROVIL_6_UNIT,InternalCombustion
-121.5630288,39.49223068,1.2,OROVIL_6_UNIT,InternalCombustion
-121.5630314,39.49217826,1.2,OROVIL_6_UNIT,InternalCombustion
-121.5630302,39.49212112,1.2,OROVIL_6_UNIT,InternalCombustion
-121.5630266,39.49206878,1.2,OROVIL_6_UNIT,InternalCombustion
-121.5630241,39.49200975,1.2,OROVIL_6_UNIT,InternalCombustion
-118.9260226,35.41908713,47,BEARMT_1_UNIT,GasTurbine
-119.4303415,35.09690526,47,CHALK_1_UNIT,GasTurbine
-121.8934489,38.03921497,163,PITTSP_7_UNIT 1,SteamTurbine
-121.8937524,38.03927863,163,PITTSP_7_UNIT 2,SteamTurbine
-121.8940522,38.03934235,163,PITTSP_7_UNIT 3,SteamTurbine
-121.894352,38.03940904,163,PITTSP_7_UNIT 4,SteamTurbine
-121.8947797,38.03945884,325,PITTSP_7_UNIT 5,SteamTurbine
-121.8952445,38.03963006,325,PITTSP_7_UNIT 6,SteamTurbine
-121.896235,38.03999533,720,PITTSP_7_UNIT 7,SteamTurbine
-120.2053448,34.47504833,3.5,GOLETA_6_GAVOTA,GasTurbine
-120.2052209,34.47504856,3.5,GOLETA_6_GAVOTA,GasTurbine
-120.2051114,34.47505114,3.5,GOLETA_6_GAVOTA,GasTurbine
-120.204999,34.47505134,3.5,GOLETA_6_GAVOTA,GasTurbine
-120.2048694,34.47505157,3.5,GOLETA_6_GAVOTA,GasTurbine
-122.381894,37.75633305,207,POTRPP_7_UNIT 3,SteamTurbine
-122.384048,37.75678718,52,POTRPP_7_UNIT 4,GasTurbine
-122.3840329,37.75666547,52,POTRPP_7_UNIT 5,GasTurbine
-122.3840094,37.75640107,52,POTRPP_7_UNIT 6,GasTurbine
-119.1401745,34.20973187,19.9,SNCLRA_6_PROCGN,GasTurbine
-119.1401973,34.20983418,49.9,SNCLRA_6_PROCGN,GasTurbine
-117.9383214,33.69401262,2.5,ETIWND_2_QF,InternalCombustion
-117.9382754,33.69401232,2.5,ETIWND_2_QF,InternalCombustion
-117.9383901,33.69401372,2.5,ETIWND_2_QF,InternalCombustion
-118.3952265,33.85047625,178.87,REDOND_7_UNIT 5,SteamTurbine
-118.3949974,33.85009185,175,REDOND_7_UNIT 6,SteamTurbine
-118.3942791,33.8493547,505,REDOND_7_UNIT 7,SteamTurbine
-118.3940261,33.84895786,495.9,REDOND_7_UNIT 8,SteamTurbine
-122.115327,38.03358337,4,STAUFF_1_UNIT,SteamTurbine
-118.2329697,33.84275544,5,LGHTHP_6_QF,SteamTurbine
-116.8511368,34.86350057,84.96,CWATER_7_CT32,CombinedCycle
-116.8506602,34.86346369,84.96,CWATER_7_CT41,CombinedCycle
-116.8502112,34.86346333,84.96,CWATER_7_CT42,CombinedCycle
-116.5728299,33.93842511,100,SENTNL_2_CTG1,GasTurbine
-116.5728492,33.93797989,100,SENTNL_2_CTG2,GasTurbine
-116.572834,33.93748236,100,SENTNL_2_CTG3,GasTurbine
-116.5728731,33.93698049,100,SENTNL_2_CTG4,GasTurbine
-116.5728336,33.93656199,100,SENTNL_2_CTG5,GasTurbine
-116.5728484,33.93603439,100,SENTNL_2_CTG6,GasTurbine
-116.5728691,33.93555638,100,SENTNL_2_CTG7,GasTurbine
-116.572862,33.93508893,100,SENTNL_2_CTG8,GasTurbine
-122.1731881,37.4553689,6,SRINTL_6_UNIT,GasTurbine
-119.7335406,35.44874986,20,KERNRG_1_UNITS,GasTurbine
-119.7335371,35.44849258,20,KERNRG_1_UNITS,GasTurbine
-119.7335166,35.4481102,20,KERNRG_1_UNITS,GasTurbine
-119.7328915,35.4490532,3,KERNRG_1_UNITS,GasTurbine
-119.7328765,35.44891036,3,KERNRG_1_UNITS,GasTurbine
-119.7328711,35.4487201,3,KERNRG_1_UNITS,GasTurbine
-119.7667138,36.83440273,3.5,BULLRD_7_SAGNES,GasTurbine
-119.7670133,36.83441385,7,BULLRD_7_SAGNES,GasTurbine
-120.8678935,35.95177338,38.9,SALIRV_2_UNIT,GasTurbine
-121.2904298,37.806471,48,SANJOA_1_UNIT 1,GasTurbine
-121.4913603,37.71072742,83,SCHLTE_1_PL1X3,CombinedCycle
-121.4909008,37.71044274,83,SCHLTE_1_PL1X3,CombinedCycle
-120.8405917,35.93580905,38.2,SARGNT_2_UNIT,GasTurbine
-120.368824,36.2376353,3.5,CHEVCO_6_UNIT 2,GasTurbine
-120.3686531,36.23763584,3.5,CHEVCO_6_UNIT 2,GasTurbine
-119.078776,35.37451295,20.8,VEDDER_1_SEKERN,GasTurbine
-119.077214,35.37337962,3.4,VEDDER_1_SEKERN,GasTurbine
-119.0764298,35.37327093,3.4,VEDDER_1_SEKERN,GasTurbine
-117.7743044,34.05902927,42,CHINO_6_SMPPAP,GasTurbine
-122.2684486,40.43714835,38.8,LASSEN_6_UNITS,GasTurbine
-121.1158229,37.73138258,49.9,SMPRIP_1_SMPSON,GasTurbine
-117.0969377,32.6150975,136,SOBAY_7_SY1,SteamTurbine
-117.0966565,32.61493002,136,SOBAY_7_SY2,SteamTurbine
-117.0963707,32.61481261,210,SOBAY_7_SY3,SteamTurbine
-117.0961494,32.61470166,214,SOBAY_7_SY4,SteamTurbine
-117.0959,32.61458999,13,SOBAY_7_GT1,GasTurbine
-119.0037104,35.45473055,75,SYCAMR_2_UNIT 1,GasTurbine
-119.0032234,35.45471888,75,SYCAMR_2_UNIT 2,GasTurbine
-119.002757,35.45473992,75,SYCAMR_2_UNIT 3,GasTurbine
-119.0022568,35.45472072,75,SYCAMR_2_UNIT 4,GasTurbine
-119.0036327,35.45486633,3.73,KRNOIL_7_TEXEXP,GasTurbine
-119.0031583,35.45486941,3.73,KRNOIL_7_TEXEXP,GasTurbine
-119.0026841,35.45487125,3.73,KRNOIL_7_TEXEXP,GasTurbine
-119.0021291,35.45506643,4.75,KRNOIL_7_TEXEXP,GasTurbine
-119.0022721,35.45485305,3.73,KRNOIL_7_TEXEXP,GasTurbine
-119.7670924,35.66586424,3,KERNRG_1_UNITS,GasTurbine
-119.7670217,35.66572619,3,KERNRG_1_UNITS,GasTurbine
-119.7669651,35.66559175,3,KERNRG_1_UNITS,GasTurbine
-119.6600021,35.31624487,3.29,TXMCKT_6_UNIT,GasTurbine
-119.6598841,35.3162469,3.29,TXMCKT_6_UNIT,GasTurbine
-119.6597633,35.31624655,3.29,TXMCKT_6_UNIT,GasTurbine
-119.6600008,35.31613448,5.6,TXMCKT_6_UNIT,GasTurbine
-119.6597659,35.31613706,5.6,TXMCKT_6_UNIT,GasTurbine
-119.5989594,35.27607787,3.58,TXNMID_1_UNIT 2,GasTurbine
-119.5988095,35.27599639,3.58,TXNMID_1_UNIT 2,GasTurbine
-119.5986489,35.27592452,3.58,TXNMID_1_UNIT 2,GasTurbine
-118.2397057,33.78076146,82.35,HARBGN_7_UNIT 1,CombinedCycle
-118.2426823,33.81697153,82,ARCOGN_2_UNIT 1,CombinedCycle
-118.2426734,33.81685686,82,ARCOGN_2_UNIT 2,CombinedCycle
-118.1688448,33.92554044,1.42,CENTER_2_TECNG1,InternalCombustion
-117.7022981,35.03494968,42,HOLGAT_1_BORAX,GasTurbine
-118.2426853,33.81670671,82,ARCOGN_2_UNIT 3,CombinedCycle
-118.2426882,33.8165779,82,ARCOGN_2_UNIT 4,CombinedCycle
-122.3941289,37.9452568,62.64,STOILS_1_UNIT 1,CombinedCycle
-119.5831992,35.22067709,3,FELLOW_1_SHELLW,GasTurbine
-119.5832395,35.22083176,3,FELLOW_1_SHELLW,GasTurbine
-122.2360834,38.01980694,27.3,UNCHEM_1_UNIT,SteamTurbine
-117.1637129,32.764831,3,MSSION_6_UNTRIB,GasTurbine
-122.3913951,37.94254491,62.64,STOILS_1_UNIT 2,CombinedCycle
-118.4252246,33.9105898,61,ELSEGN_2_UN11,CombinedCycle
-119.4408516,35.08974975,37.2,UNVRSY_1_UNIT 1,GasTurbine
-121.4562988,38.55589173,3,UCDAVS_1_UNIT,GasTurbine
-118.4245531,33.90925395,61,ELSEGN_2_UN2021,CombinedCycle
-118.2210429,33.99890698,58.8,VERNON_7_STG3,CombinedCycle
-117.7013897,35.0317673,55,HOLGAT_1_MOGEN,CombinedCycle
-122.4517279,37.77669882,1.5,DALYCT_1_FCELL,InternalCombustion
-119.4229419,34.35562761,3,SNCLRA_6_QF,GasTurbine
-119.6618149,35.35446262,3.8,TEMBLR_7_WELLPT,GasTurbine
-118.2220304,33.99897137,5.9,VERNON_6_GONZL1,GasTurbine
-118.2219787,33.99897343,5.9,VERNON_6_GONZL2,GasTurbine
-118.4998437,34.38138348,50,APPGEN_6_GT 1,CombinedCycle
-118.4998652,34.38131222,50,APPGEN_6_GT 2,CombinedCycle
-121.9511572,37.3769572,50,DUANE_7_CTG1,CombinedCycle
-121.9508754,37.37697215,50,DUANE_7_CTG2,CombinedCycle
-119.1836369,34.14160558,29,SNCLRA_6_WILLMT,GasTurbine
-121.6383567,39.13881508,49,YUBACT_1_SUNSWT,GasTurbine
-120.0998442,36.61676355,50,AGRICO_7_UNIT 4,CombinedCycle
-118.2201316,33.99898935,50,VERNON_7_CTG1,CombinedCycle
-118.2201326,33.99881879,50,VERNON_7_CTG2,CombinedCycle
-118.2491163,33.87615338,49.5,LGHTHP_6_ICEGEN,CombinedCycle
-121.9315686,37.42523338,48,LECEF_1_CGT 1,CombinedCycle
-121.9315174,37.42510375,48,LECEF_1_CGT 2,CombinedCycle
-116.8538004,34.86174918,65.28,CWATER_7_UNIT 1,SteamTurbine
-116.853797,34.86147486,81.6,CWATER_7_UNIT 2,SteamTurbine
-121.9326601,37.42501001,48,LECEF_1_CGT 3,CombinedCycle
-121.9326166,37.42485264,48,LECEF_1_CGT 4,CombinedCycle
-121.9505668,37.37705274,47,DUANE_7_STG3,CombinedCycle
-121.6929309,39.05221921,46,GRNLF1_1_UNITS,CombinedCycle
-122.0677709,38.02146472,44.98,TIDWTR_2_UNIT 1,CombinedCycle
-122.0641464,38.02298446,44.98,TIDWTR_2_UNIT 2,CombinedCycle
-116.853851,34.86027017,23.3,NAVY35_1_UNITS,GasTurbine
-116.8538721,34.85995746,23.3,NAVY35_1_UNITS,GasTurbine
-118.4029123,33.90615514,42.45,CHEVMN_2_UNIT 1,CombinedCycle
-118.402973,33.90534598,42.45,CHEVMN_2_UNIT 2,CombinedCycle
-117.1896326,32.70530595,42.15,NIMTG_6_NIQF,CombinedCycle
-122.1758284,37.42985678,42.1,CARDCG_1_UNITS,CombinedCycle
-117.0995639,33.11841383,41.3,ESCO_6_GLMQF,CombinedCycle
-117.6083644,33.89129667,41,CORONS_6_CLRCTG,CombinedCycle
-118.404081,33.90395744,40.69,CHEVMN_2_UNITS,CombinedCycle
-118.4029369,33.9049363,40.3,CHEVMN_2_UNITS,CombinedCycle
-121.1277855,36.22572794,40,BASICE_2_UNIT 2,CombinedCycle
-120.0408166,34.48338585,40,GOLETA_6_EXGEN,CombinedCycle
-122.1145538,38.01473678,40,SHELRF_7_UNIT 2,CombinedCycle
-122.1117391,38.01474561,40,SHELRF_7_UNIT 3,CombinedCycle
-122.1145683,38.01548734,40,SHELRF_7_UNIT 1,CombinedCycle
-122.1126222,38.01572676,40,SHELRF_7_UNIT 1,CombinedCycle
-122.1098347,38.01572919,40,SHELRF_7_UNIT 2,CombinedCycle
-117.1223765,32.67937046,38.3,DIVSON_6_NSQF,CombinedCycle
-121.536277,37.00000853,38,GILROY_1_ST2,CombinedCycle
-122.0618997,38.02395124,37.5,TIDWTR_2_UNIT 3,CombinedCycle
-118.2426768,33.81644648,35,ARCOGN_2_UNIT 5,CombinedCycle
-118.2426938,33.81632505,35,ARCOGN_2_UNIT 6,CombinedCycle
-119.5526252,36.68453931,27.3,SGREGY_6_SANGER,CombinedCycle
-121.6927152,39.05255316,26,GRNLF1_1_UNITS,CombinedCycle
-118.2407903,33.78052105,25.1,HARBGN_7_UNITS,CombinedCycle
-121.9444666,37.36861382,25,CONTAN_1_GT 1 - CONTAN_1_ST 2,CombinedCycle
-120.0997056,36.61668304,25,AGRICO_7_ICE5,CombinedCycle
-119.0482788,34.16204324,23.6,MOORPK_6_QF,CombinedCycle
-117.6806599,33.98936324,23.6,CHINO_6_CIMGEN,CombinedCycle
-119.579857,36.53970011,23.1,KINGCO_1_KINGBR,CombinedCycle
-117.2082903,32.74160232,23,PTLOMA_6_NTCQF,CombinedCycle
-122.392855,37.62335415,23,UNTDQF_7_UNITS,CombinedCycle
-118.0685165,33.92581999,23,CENTER_2_QF,CombinedCycle
-121.9269287,37.41141375,22.8,CALPIN_1_AGNEW,CombinedCycle
-121.768691,36.91120792,22.8,WATSON_1_CICCOG,CombinedCycle
-119.0124962,35.44068865,22.62,DEXZEL_1_UNIT,CombinedCycle
-122.2632745,37.87020156,21.35,GRZZLY_1_BERKLY,CombinedCycle
-118.5932583,34.46370319,21.25,SAUGUS_6_PTCHGN,CombinedCycle
-118.4998838,34.38124093,20,APPGEN_6_ST 3,CombinedCycle
-122.1126493,38.01677945,20,SHELRF_7_UNIT 3,CombinedCycle
-118.2404635,33.77969699,13.6,HARBGN_7_UNIT 2,CombinedCycle
-117.2394752,32.87389436,13.5,UCMTG_7_UCSD1,CombinedCycle
-117.856037,33.93304436,8,OLINDA_7_BLKSND,GasTurbine
-117.8558707,33.93303386,4,OLINDA_7_BLKSND,GasTurbine
-117.8560358,33.93291392,4,OLINDA_7_BLKSND,GasTurbine
-117.8558818,33.93291378,0.33,OLINDA_7_BLKSND,InternalCombustion
-116.5534791,33.91123134,45,INDIGO_1_UNIT 1,GasTurbine
-116.5529694,33.91123498,45,INDIGO_1_UNIT 2,GasTurbine
-116.5524571,33.91123376,45,INDIGO_1_UNIT 3,GasTurbine
-116.9445415,32.56700737,45,LARKSP_6_UNIT 1,GasTurbine
-116.9439071,32.56700195,45,LARKSP_6_UNIT 2,GasTurbine
-117.3539558,34.06100859,11.39,DREWS_6_GEN 1,GasTurbine
-117.3539577,34.06081312,11.39,DREWS_6_GEN 2,GasTurbine
-117.3539548,34.060621,11.39,DREWS_6_GEN 3,GasTurbine
-117.353941,34.06042967,11.39,DREWS_6_GEN 4,GasTurbine
-121.5364642,36.99928204,47.3,GILRPP_1_UNIT 1,GasTurbine
-121.5361801,36.99928143,47.3,GILRPP_1_UNIT 2,GasTurbine
-121.5359067,36.99927783,47.3,GILRPP_1_PL3X4,GasTurbine
-121.124422,36.2247441,47.3,KNGCTY_6_UNITA1,GasTurbine
-119.6476884,36.27026788,46,GWFPWR_1_CT 1,GasTurbine
-119.647246,36.27026655,46,GWFPWR_1_CT 2,GasTurbine
-121.4910808,37.71103083,83,SCHLTE_1_UNITA1,GasTurbine
-121.490577,37.71078954,83,SCHLTE_1_UNITA2,GasTurbine
-117.2394902,32.87353867,13.5,UCMTG_7_UCSD2,CombinedCycle
-119.5529327,36.68416791,12.5,SGREGY_6_SANGER,CombinedCycle
-117.3365643,34.60389456,12,COLCEM_6_GEN 1,CombinedCycle
-117.3074397,34.05966455,11.39,CENTRY_6_GEN 1,GasTurbine
-117.3072439,34.05980601,11.39,CENTRY_6_GEN 2,GasTurbine
-117.3070392,34.05995858,11.39,CENTRY_6_GEN 3,GasTurbine
-117.3068362,34.0601112,11.39,CENTRY_6_GEN 4,GasTurbine
-117.1173971,33.12205586,48.92,ESCNDO_6_UNITB1,GasTurbine
-116.9436863,32.56248081,49.8,BORDER_6_UNITA1,GasTurbine
-117.3363626,34.60391468,12,COLCEM_6_GEN 2,CombinedCycle
-117.1222257,32.67941167,11.6,DIVSON_6_NSQF,CombinedCycle
-118.2405879,33.77962494,11.5,HARBGN_7_UNIT 3,CombinedCycle
-121.9314085,37.42632154,48,LECEF_1_CGT 1,GasTurbine
-121.9313781,37.42621062,48,LECEF_1_CGT 2,GasTurbine
-121.9313441,37.42610071,48,LECEF_1_CGT 3,GasTurbine
-121.9313014,37.42597856,48,LECEF_1_CGT 4,GasTurbine
-119.5799909,36.53930241,11.4,KINGCO_1_KINGBR,CombinedCycle
-122.1757319,37.43004186,10.7,CARDCG_1_UNITS,CombinedCycle
-118.2495213,33.87612287,10.5,LGHTHP_6_ICEGEN,CombinedCycle
-117.0991511,33.11867305,10.2,ESCO_6_GLMQF,CombinedCycle
-118.2849105,33.80177268,9.9,SANITR_6_UNITS,CombinedCycle
-119.9045807,36.24005939,49,HENRTA_6_UNITA1,GasTurbine
-119.9041828,36.24005431,49,HENRTA_6_UNITA2,GasTurbine
-118.2848412,33.801806,9.9,SANITR_6_UNITS,CombinedCycle
-118.2847582,33.8018391,9.9,SANITR_6_UNITS,CombinedCycle
-120.043979,34.48306939,9.8,GOLETA_6_EXGEN,CombinedCycle
-118.4041471,33.90592554,9.12,CHEVMN_2_UNITS,CombinedCycle
-118.2847087,33.80186188,8.7,SANITR_6_UNITS,CombinedCycle
-120.248512,37.10878015,3,CHWCHL_1_GEN 3,InternalCombustion
-120.2485114,37.10873749,3,CHWCHL_1_GEN 4,InternalCombustion
-120.2485121,37.10869183,3,CHWCHL_1_GEN 5,InternalCombustion
-120.248512,37.108642,3,CHWCHL_1_GEN 1,InternalCombustion
-120.2485155,37.10852265,3,CHWCHL_1_GEN 10,InternalCombustion
-120.2485154,37.10848322,3,CHWCHL_1_GEN 11,InternalCombustion
-120.2485139,37.10843963,3,CHWCHL_1_GEN 12,InternalCombustion
-120.2485112,37.10839917,3,CHWCHL_1_GEN 13,InternalCombustion
-120.2481823,37.10877552,3,CHWCHL_1_GEN 14,InternalCombustion
-120.2481821,37.10872986,3,CHWCHL_1_GEN 15,InternalCombustion
-120.2481807,37.10868939,3,CHWCHL_1_GEN 16,InternalCombustion
-120.2481779,37.10863958,3,CHWCHL_1_GEN 2,InternalCombustion
-120.2481828,37.10852542,3,CHWCHL_1_GEN 6,InternalCombustion
-120.2481852,37.10848287,3,CHWCHL_1_GEN 7,InternalCombustion
-120.2481825,37.10843929,3,CHWCHL_1_GEN 8,InternalCombustion
-120.2481849,37.1083957,3,CHWCHL_1_GEN 9,InternalCombustion
-122.2128369,40.15042602,2.8,REDBLF_6_GEN 16,InternalCombustion
-122.2127395,40.150401,2.8,REDBLF_6_GEN 15,InternalCombustion
-122.2126527,40.15037167,2.8,REDBLF_6_GEN 1,InternalCombustion
-122.2125607,40.15034861,2.8,REDBLF_6_GEN 2,InternalCombustion
-122.2129353,40.15021835,2.8,REDBLF_6_GEN 3,InternalCombustion
-122.2128487,40.15019725,2.8,REDBLF_6_GEN 4,InternalCombustion
-122.2127538,40.15016601,2.8,REDBLF_6_GEN 5,InternalCombustion
-122.2126701,40.15014898,2.8,REDBLF_6_GEN 6,InternalCombustion
-122.212157,40.15023228,2.8,REDBLF_6_GEN 7,InternalCombustion
-122.2120785,40.15020898,2.8,REDBLF_6_GEN 8,InternalCombustion
-122.211989,40.1501797,2.8,REDBLF_6_GEN 9,InternalCombustion
-122.211894,40.15014639,2.8,REDBLF_6_GEN 10,InternalCombustion
-122.2122744,40.15003045,2.8,REDBLF_6_GEN 11,InternalCombustion
-122.2121983,40.14999887,2.8,REDBLF_6_GEN 12,InternalCombustion
-122.2121034,40.14996968,2.8,REDBLF_6_GEN 13,InternalCombustion
-122.2120004,40.14993652,2.8,REDBLF_6_GEN 14,InternalCombustion
-122.136799,38.07167151,47.7,BAHIA_7_UNITA1,GasTurbine
-120.1002631,36.61714905,21.3,AGRICO_6_UNIT 3,GasTurbine
-120.5793727,36.65400687,49.9,PNOCHE_7_CTG1,GasTurbine
-120.1540095,36.18317653,46.5,GATES_7_CTG1,GasTurbine
-120.5785468,36.6535453,49.62,PNOCHE_1_UNITA1,GasTurbine
-121.9239696,38.39913876,49.9,VACADX_1_UNITA1,GasTurbine
-116.9619263,32.79295344,46.8,ELCAJN_6_UNITA1,GasTurbine
-117.3606009,34.04143826,60.5,COLTON_6_AGUAM1,GasTurbine
-117.2936059,33.93037409,10,RVSIDE_7_SPRGU1,GasTurbine
-117.2936044,33.93025091,10,RVSIDE_7_SPRGU2,GasTurbine
-117.2936029,33.93012678,10,RVSIDE_7_SPRGU3,GasTurbine
-117.2936026,33.93000363,10,RVSIDE_7_SPRGU4,GasTurbine
-122.0748734,38.22804061,48.1,WOLFSK_1_UNITA1,GasTurbine
-121.7899652,38.01446227,47.3,RVRVEW_1_UNITA1,GasTurbine
-121.8682177,38.22198979,48.1,LMBEPK_2_UNITA1,GasTurbine
-121.8439376,38.22719825,48.1,LMBEPK_2_UNITA3,GasTurbine
-121.6093737,39.10885281,48.1,BOGUE_1_UNITA1,GasTurbine
-121.8551537,38.24168821,48.1,LMBEPK_2_UNITA2,GasTurbine
-121.6387714,39.13906918,48.1,YUBACT_6_UNITA1,GasTurbine
-117.4529585,33.96384015,48,RVSIDE_6_RERCU1,GasTurbine
-117.4529573,33.96349468,48,RVSIDE_6_RERCU2,GasTurbine
-117.4529361,33.96308351,48,RVSIDE_2_RERCU3,GasTurbine
-117.4529384,33.96273517,48,RVSIDE_2_RERCU4,GasTurbine
-119.01294,35.44088777,8.4,DEXZEL_1_UNIT,CombinedCycle
-120.0994815,36.61723403,8.25,AGRICO_7_UNIT 2,CombinedCycle
-117.0585843,32.59132294,44,OTAY_6_PL1X2,GasTurbine
-118.1913259,33.76642919,47.8,PICO_6_THUMS1,GasTurbine
-117.9463565,34.0090239,100.1,WALCRK_2_CTG1,GasTurbine
-117.9458262,34.00881392,100.1,WALCRK_2_CTG2,GasTurbine
-117.9452875,34.00859663,100.1,WALCRK_2_CTG3,GasTurbine
-117.9447487,34.00838649,100.1,WALCRK_2_CTG4,GasTurbine
-117.9442213,34.00817417,100.1,WALCRK_2_CTG5,GasTurbine
-122.392807,37.62333309,8,UNTDQF_7_UNITS,CombinedCycle
-121.7685557,36.91127184,8,WATSON_1_CICCOG,CombinedCycle
-117.6082245,33.89118037,8,CORONS_6_CLRSTG,CombinedCycle
-118.0684981,33.92558883,7.75,CENTER_2_QF,CombinedCycle
-121.9271667,37.41111974,7.7,CALPIN_1_AGNEW,CombinedCycle
-119.047926,34.16226222,7.6,MOORPK_6_QF,CombinedCycle
-117.1203677,33.12825199,44,ESCNDO_6_PL1X2,GasTurbine
-117.1202896,33.1281716,49.9,ESCNDO_6_PL1X2,GasTurbine
-117.6809155,33.98987429,7.6,CHINO_6_CIMGEN,CombinedCycle
-118.5934735,34.46358852,7.5,SAUGUS_6_PTCHGN,CombinedCycle
-118.2847174,33.80188575,5.5,SANITR_6_UNITS,CombinedCycle
-116.9720716,32.79608573,49.23,ELCAJN_6_LM6K,GasTurbine
-117.2033347,32.70238881,2.4,ECC_7_NARDAC,GasTurbine
-117.1290589,32.81532762,9.9,STAT B_6_SOLTRB,GasTurbine
-117.130446,32.8154737,5,STAT B_6_SOLTRB,GasTurbine
-117.1760434,32.72802229,9.9,MSSION_2_QF,GasTurbine
-117.1766841,32.7282281,9.9,MSSION_2_QF,GasTurbine
-120.5853906,36.65135796,100,PNCHEG_2_CTG1,GasTurbine
-120.5847683,36.65136342,100,PNCHEG_2_CTG2,GasTurbine
-120.5841549,36.6513736,100,PNCHEG_2_CTG3,GasTurbine
-120.5835445,36.65138377,100,PNCHEG_2_CTG4,GasTurbine
-120.5806767,36.65317671,60,PNCHPP_1_CTG1,GasTurbine
-120.5809104,36.65303986,60,PNCHPP_1_CTG2,GasTurbine
-117.1116439,33.35925552,50,OGROVE_6_CTG1,GasTurbine
-117.1114439,33.35897097,50,OGROVE_6_CTG2,GasTurbine
-118.4038423,33.90571966,5.4,CHEVMN_2_UNITS,CombinedCycle
-117.2629841,34.05132836,5.2,SBERDO_2_QF,CombinedCycle
-121.7657603,38.01670772,207,COCOPP_2_CTG1,GasTurbine
-121.7652744,38.0167101,207,COCOPP_2_CTG2,GasTurbine
-121.7647856,38.0167149,207,COCOPP_2_CTG3,GasTurbine
-121.7642997,38.01671727,207,COCOPP_2_CTG4,GasTurbine
-121.6014375,37.789443,50,KELSO_2_UNITS,GasTurbine
-121.6015968,37.7890124,50,KELSO_2_UNITS,GasTurbine
-121.6018381,37.78847596,50,KELSO_2_UNITS,GasTurbine
-121.6020102,37.78808327,50,KELSO_2_UNITS,GasTurbine
-119.3032139,36.00083541,6,VESTAL_2_UNIT1,GasTurbine
-119.3028564,36.00091611,5.67,VESTAL_2_UNIT1,GasTurbine
-117.1663575,32.87613966,47,MRGT_6_MEF1,GasTurbine
-117.1662695,32.87613764,48,MRGT_6_MEF2,GasTurbine
-116.9176847,32.57443411,106,PIOPIC_2_CTG1,GasTurbine
-116.9176672,32.57393901,106,PIOPIC_2_CTG3,GasTurbine
-116.9176857,32.57345727,106,PIOPIC_2_CTG2,GasTurbine
-122.1096988,37.43842725,1.13,PALALT_7_COBUG,InternalCombustion
-122.1096646,37.43839156,1.13,PALALT_7_COBUG,InternalCombustion
-122.1096296,37.43835801,1.13,PALALT_7_COBUG,InternalCombustion
-122.1095893,37.43832735,1.13,PALALT_7_COBUG,InternalCombustion
-117.2626938,34.05110185,5.2,SBERDO_2_QF,CombinedCycle
-117.1224869,32.67927496,5.2,DIVSON_6_NSQF,CombinedCycle
-117.0699934,32.77841549,5.1,STRMVW_7_SDSU A,CombinedCycle
-119.2477431,34.20560897,49,MNDALY_6_MCGRTH,GasTurbine
-119.0828943,34.17806911,4.35,SNCLRA_2_HOWLNG,InternalCombustion
-119.0828925,34.17800491,4.35,SNCLRA_2_HOWLNG,InternalCombustion
-119.0828963,34.17790574,4.35,SNCLRA_2_HOWLNG,InternalCombustion
-117.3240878,34.18600411,1.4,VISTA_2_FCELL,FuelCell
-119.2945045,35.79096224,49.9,VESTAL_2_WELLHD,GasTurbine
-120.5178699,40.40954036,6,PLMSSR_6_HISIER,InternalCombustion
-117.9829693,33.80727744,49,BARRE_6_PEAKER,GasTurbine
-118.104439,33.92961554,49,CENTER_6_PEAKER,GasTurbine
-117.5339885,34.09040183,49,ETIWND_6_GRPLND,GasTurbine
-117.5607451,34.00535077,49,MIRLOM_6_PEAKER,GasTurbine
-117.0700027,32.77838519,5.1,STRMVW_7_SDSU B,CombinedCycle
-122.2634412,37.87028695,5,GRZZLY_1_BERKLY,CombinedCycle
-117.0700128,32.77832185,4.1,STRMVW_7_SDSU C,CombinedCycle
-117.1900375,32.70534104,4.05,NIMTG_6_NICOGN,CombinedCycle
-118.1410598,33.98852309,3.76,LAGBEL_6_QF,CombinedCycle
-122.2625547,37.52800599,3.5,MARKHM_1_CATLST,CombinedCycle
-122.2625562,37.5280261,3.5,MARKHM_1_CATLST,CombinedCycle
-114.7364222,36.0155624,1040,SCEHOV_2_HOOVER,HydraulicTurbine
-118.9683478,37.02932019,404,HELMPG_7_UNIT 1,HydraulicTurbine
-118.9683029,37.02932075,404,HELMPG_7_UNIT 2,HydraulicTurbine
-118.968257,37.02931964,404,HELMPG_7_UNIT 3,HydraulicTurbine
-119.256686,37.14790902,199,EASTWD_7_UNIT,HydraulicTurbine
-119.3377903,37.22031516,187,MAMMTH_7_UNIT 2,HydraulicTurbine
-119.3865108,37.14864817,177,BIGCRK_2_EXESWD,HydraulicTurbine
-121.1916522,39.33083584,157.5,COLGAT_7_UNIT 1,HydraulicTurbine
-121.1914421,39.33083789,157.5,COLGAT_7_UNIT 2,HydraulicTurbine
-119.5581848,37.07194311,155,KERKH2_7_UNIT 1,HydraulicTurbine
-120.3799376,38.14478437,126.5,COLVIL_7_UNIT 1,HydraulicTurbine
-120.3797595,38.14484205,126.5,COLVIL_7_UNIT 2,HydraulicTurbine
-121.2494836,40.0075523,117.9,BELDEN_7_UNIT 1,HydraulicTurbine
-121.49243,39.54301486,117,HYATT_2_UNIT 1,HydraulicTurbine
-121.492314,39.54292807,117,HYATT_2_UNIT 3,HydraulicTurbine
-121.492201,39.54283645,117,HYATT_2_UNIT 5,HydraulicTurbine
-119.4898428,37.13902354,100,BIGCRK_2_EXESWD,HydraulicTurbine
-119.3062328,37.19896152,98.5,BIGCRK_2_EXESWD,HydraulicTurbine
-121.4923767,39.54297623,97.75,HYATT_2_UNIT 2,HydraulicTurbine
-121.4922558,39.54287509,97.75,HYATT_2_UNIT 4,HydraulicTurbine
-121.4921416,39.54279673,97.75,HYATT_2_UNIT 6,HydraulicTurbine
-120.2731476,37.58425795,94.5,EXCHEC_7_UNIT 1,HydraulicTurbine
-120.370449,38.13899014,91,STANIS_7_UNIT 1,HydraulicTurbine
-121.9752951,40.99226888,86,BLACK_7_UNIT 1,HydraulicTurbine
-121.9750641,40.99232737,86,BLACK_7_UNIT 2,HydraulicTurbine
-119.2396239,37.20410693,82.9,BIGCRK_2_EXESWD,HydraulicTurbine
-119.9686119,37.89648058,82.5,INTKEP_2_HOLM 1,HydraulicTurbine
-119.9683829,37.8964948,82.5,INTKEP_2_HOLM 2,HydraulicTurbine
-120.725126,39.00101624,79,RALSTN_7_UNIT 1,HydraulicTurbine
-117.334331,34.20567145,78.38,DVLCYN_1_UNIT 3,HydraulicTurbine
-117.3341578,34.20563018,78.38,DVLCYN_1_UNIT 4,HydraulicTurbine
-120.0339723,38.24649068,72,DONNLS_7_UNIT,HydraulicTurbine
-119.0202341,36.92748515,72,HAASPH_7_UNIT 1,HydraulicTurbine
-119.020135,36.92739791,72,HAASPH_7_UNIT 2,HydraulicTurbine
-119.3055514,37.19920442,67.1,BIGCRK_2_EXESWD,HydraulicTurbine
-119.3289773,37.20969201,64.5,BIGCRK_2_EXESWD,HydraulicTurbine
-120.5964439,39.02471501,61,MIDFRK_7_UNIT 1,HydraulicTurbine
-121.1495078,40.08597299,60,CARBOU_7_UNIT 4,HydraulicTurbine
-121.1492441,40.08597783,60,CARBOU_7_UNIT 5,HydraulicTurbine
-121.4698202,39.7229047,60,POEPH_7_UNIT 1,HydraulicTurbine
-121.4697092,39.72275837,60,POEPH_7_UNIT 2,HydraulicTurbine
-117.3348751,34.2057729,59.85,DVLCYN_1_UNIT 1,HydraulicTurbine
-117.3345946,34.2057258,59.85,DVLCYN_1_UNIT 2,HydraulicTurbine
-121.9906733,40.84752129,56,PIT7_7_UNIT 1,HydraulicTurbine
-121.9908068,40.84735704,56,PIT7_7_UNIT 2,HydraulicTurbine
-121.3454937,39.90508079,56,RCKCRK_7_UNIT 2,HydraulicTurbine
-121.3452583,39.9052439,56,RCKCRK_7_UNIT 1,HydraulicTurbine
-120.5963068,39.02478234,55,MIDFRK_7_UNIT2,HydraulicTurbine
-119.3273539,36.83264696,55,PINFLT_7_UNIT 1,HydraulicTurbine
-119.3273104,36.83252769,55,PINFLT_7_UNIT 2,HydraulicTurbine
-119.3272728,36.83240845,55,PINFLT_7_UNIT 3,HydraulicTurbine
-121.2041206,39.55386887,55,WDLEAF_7_UNIT 1,HydraulicTurbine
-119.0876393,36.90897087,54,BALCHS_7_UNIT 2,HydraulicTurbine
-119.0875008,36.90886506,54,BALCHS_7_UNIT 3,HydraulicTurbine
-121.0774521,37.06950954,53,SLUISP_2_UNIT 1,HydraulicTurbine
-121.0774467,37.06944223,53,SLUISP_2_UNIT 2,HydraulicTurbine
-121.0774252,37.06925578,53,SLUISP_2_UNIT 3,HydraulicTurbine
-121.0774199,37.06919622,53,SLUISP_2_UNIT 4,HydraulicTurbine
-121.0774019,37.06900048,53,SLUISP_2_UNIT 5,HydraulicTurbine
-121.0773965,37.06893481,53,SLUISP_2_UNIT 6,HydraulicTurbine
-121.0773712,37.06874349,53,SLUISP_2_UNIT 7,HydraulicTurbine
-121.0773696,37.06868153,53,SLUISP_2_UNIT 8,HydraulicTurbine
-119.1588035,36.88815122,52,KINGRV_7_UNIT 1,HydraulicTurbine
-120.2994268,37.80937339,50,MOCCPH_7_UNIT 1,HydraulicTurbine
-120.2993479,37.80919984,50,MOCCPH_7_UNIT 2,HydraulicTurbine
-120.7669973,39.25737003,49.5,DRUM_7_UNIT 5,HydraulicTurbine
-121.8492925,40.98617797,47.5,PIT4_7_UNIT 1,HydraulicTurbine
-121.8493059,40.98645434,47.5,PIT4_7_UNIT 2,HydraulicTurbine
-121.2703679,39.23898262,46.75,NAROW2_2_UNIT,HydraulicTurbine
-120.8908808,39.17789382,44,CHICPK_7_UNIT 1,HydraulicTurbine
-119.9531169,37.87757495,40.6,INTKEP_2_KIRKW3,HydraulicTurbine
-121.1907156,40.17575495,40,BUTTVL_7_UNIT 1,HydraulicTurbine
-121.9773999,40.98639288,40,PIT5_7_PL1X2,HydraulicTurbine
-121.9774258,40.98626567,40,PIT5_7_PL1X2,HydraulicTurbine
-121.9774771,40.98612242,40,PIT5_7_PL3X4,HydraulicTurbine
-121.9774987,40.98600573,40,PIT5_7_PL3X4,HydraulicTurbine
-121.9929919,40.92264385,40,PIT6_7_UNIT 1,HydraulicTurbine
-121.992803,40.92251335,40,PIT6_7_UNIT 2,HydraulicTurbine
-119.9534725,37.8777355,38.81,INTKEP_2_KIRKW1,HydraulicTurbine
-119.9532852,37.8776507,38.81,INTKEP_2_KIRKW2,HydraulicTurbine
-118.7884739,34.6852535,37.15,WARNE_2_UNIT 1,HydraulicTurbine
-118.7884219,34.68507899,37.15,WARNE_2_UNIT 2,HydraulicTurbine
-120.6699149,38.33121203,37,ELECTR_7_UNIT 3,HydraulicTurbine
-121.4098646,39.82599292,35,CRESTA_7_UNIT 2,HydraulicTurbine
-121.4097991,39.82580551,35,CRESTA_7_UNIT 1,HydraulicTurbine
-119.0877664,36.90911983,34,BALCHS_7_UNIT 1,HydraulicTurbine
-120.2180503,38.49792293,34,SALTSP_7_UNIT 2,HydraulicTurbine
-121.3276738,39.91064614,33,BUCKCK_7_UNIT 1,HydraulicTurbine
-121.6306085,39.51470688,32.6,THERMA_2_UNIT 1,HydraulicTurbine
-121.4983033,40.99095157,31.5,PIT1_7_UNIT 1,HydraulicTurbine
-121.4981772,40.99072182,31.5,PIT1_7_UNIT 2,HydraulicTurbine
-120.6697672,38.33123808,31,ELECTR_7_UNIT 1,HydraulicTurbine
-120.6698586,38.33122424,31,ELECTR_7_UNIT 2,HydraulicTurbine
-120.4928066,38.44918622,30,TIGRCK_7_UNIT 2,HydraulicTurbine
-120.4927123,38.448923,30,TIGRCK_7_UNIT 1,HydraulicTurbine
-121.2559852,40.97640453,29.9,MALCHQ_7_UNIT 1,HydraulicTurbine
-117.0705633,33.68110441,29.7,DMDVLY_1_GEN 1,HydraulicTurbine
-121.278689,39.55094497,29,FORBST_7_UNIT 1,HydraulicTurbine
-121.6303908,39.51479787,27.5,THERMA_2_UNIT 2,HydraulicTurbine
-121.6301816,39.51490066,27.5,THERMA_2_UNIT 3,HydraulicTurbine
-121.6299755,39.51500422,27.5,THERMA_2_UNIT 4,HydraulicTurbine
-120.8352108,39.21835228,27.3,DUTCH2_7_UNIT 1,HydraulicTurbine
-121.3277827,39.91049019,25,BUCKCK_7_UNIT 2,HydraulicTurbine
-121.148179,40.08555419,25,CARBOU_7_UNIT 2,HydraulicTurbine
-121.1480755,40.08548131,25,CARBOU_7_UNIT 3,HydraulicTurbine
-118.7796553,35.46036561,24.8,KERRGN_1_UNIT 1,HydraulicTurbine
-117.525734,34.10342045,23.9,ETIWND_6_MWDETI,HydraulicTurbine
-121.1482949,40.08561982,23.8,CARBOU_7_UNIT 1,HydraulicTurbine
-121.7481076,40.99765453,23,PIT3_7_UNIT 1,HydraulicTurbine
-121.7479824,40.997463,23,PIT3_7_UNIT 2,HydraulicTurbine
-121.7478519,40.99725919,23,PIT3_7_UNIT 3,HydraulicTurbine
-120.8356507,39.21692304,22,DUTCH1_7_UNIT 1,HydraulicTurbine
-121.2791956,39.88927162,21,GRIZLY_1_UNIT 1,HydraulicTurbine
-119.0069854,36.41551032,20,RECTOR_2_QF,HydraulicTurbine
-117.1190046,33.05800012,20,LAKHDG_6_UNIT 1,HydraulicTurbine
-117.118917,33.05799548,20,LAKHDG_6_UNIT 2,HydraulicTurbine
-118.6857856,34.8154284,19.67,ALAMO_6_UNIT,HydraulicTurbine
-121.6322964,39.87082888,18.5,DSABLA_7_UNIT,HydraulicTurbine
-119.7034103,36.99774446,18.4,FRIANT_6_UNITS,HydraulicTurbine
-120.7674337,39.25665697,16.5,DRUM_7_UNIT 4,HydraulicTurbine
-120.1501661,38.18607141,16.2,SNDBAR_7_UNIT 1,HydraulicTurbine
-120.4060528,39.07799304,15,FMEADO_7_UNIT,HydraulicTurbine
-120.7673429,39.25678373,14,DRUM_7_UNIT 3,HydraulicTurbine
-120.549515,38.42086003,14,WESTPT_2_UNIT,HydraulicTurbine
-121.0984738,38.88981275,14,WISE_1_UNIT 1,HydraulicTurbine
-118.822355,35.43006077,14,RIOBRV_6_UNIT 1,HydraulicTurbine
-120.9533736,39.1342429,13.5,ROLLIN_6_UNIT,HydraulicTurbine
-121.6318699,39.86925236,13.3,FORKBU_6_UNIT,HydraulicTurbine
-121.1194531,39.58042425,13.2,SLYCRK_1_UNIT 1,HydraulicTurbine
-122.1218581,40.40459798,13,COLEMN_2_UNIT,HydraulicTurbine
-120.7672075,39.25703695,13,DRUM_7_UNIT 1,HydraulicTurbine
-119.5529237,37.09243371,12.6,KERKH1_7_UNIT 1,HydraulicTurbine
-119.5527122,37.0925236,12.6,KERKH1_7_UNIT 3,HydraulicTurbine
-120.7672617,39.25694137,12,DRUM_7_UNIT 2,HydraulicTurbine
-121.2717381,39.23639928,12,NAROW1_2_UNIT,HydraulicTurbine
-120.2182652,38.49787828,12,SALTSP_7_UNIT 1,HydraulicTurbine
-120.6049707,37.87615335,11.7,TULLCK_7_UNIT 1,HydraulicTurbine
-120.6049505,37.87613002,11.7,TULLCK_7_UNIT 2,HydraulicTurbine
-118.7965116,35.44070168,11.5,KRNCNY_6_UNIT,HydraulicTurbine
-121.092982,38.835182,11.5,NWCSTL_7_UNIT 1,HydraulicTurbine
-118.5245112,35.58793179,11,MONLTH_6_BOREL,HydraulicTurbine
-121.0418486,38.95697245,11,HALSEY_6_UNIT,HydraulicTurbine
-117.3232001,34.30806965,10.93,MOJAVE_1_UNIT 1,HydraulicTurbine
-117.3230794,34.30803247,10.93,MOJAVE_1_UNIT 2,HydraulicTurbine
-117.3229517,34.30799752,10.93,MOJAVE_1_UNIT 3,HydraulicTurbine
-118.416779,34.01131089,10.12,LACIEN_2_VENICE,HydraulicTurbine
-120.619152,38.793574,10,ELDORO_7_UNIT 1,HydraulicTurbine
-120.6190642,38.79351198,10,ELDORO_7_UNIT 2,HydraulicTurbine
-121.4912731,39.53176297,10,KELYRG_6_UNIT,HydraulicTurbine
-120.3299223,37.52300765,10,MERCFL_6_UNIT,HydraulicTurbine
-119.2160517,37.94423206,10,CONTRL_1_POOLE,HydraulicTurbine
-119.1591511,37.25691192,10,BGCRK1_7_PORTAL,HydraulicTurbine
-120.0770488,38.20259094,9.99,BEARDS_7_UNIT 1,HydraulicTurbine
-117.7953661,34.1277322,9.92,PADUA_6_MWDSDM,HydraulicTurbine
-121.5444852,40.92928156,9.9,HATCR1_7_UNIT,HydraulicTurbine
-121.5486898,40.96071838,9.9,HATCR1_7_UNIT,HydraulicTurbine
-119.7033855,36.99769774,9.78,FRIANT_6_UNITS,HydraulicTurbine
-120.3101069,37.52208683,9,MCSWAN_6_UNITS,HydraulicTurbine
-120.8505274,38.25689001,8.6,PARDEB_2_UNIT 3,HydraulicTurbine
-121.8670111,40.45911053,8.55,VOLTA_2_UNIT 1,HydraulicTurbine
-118.4796875,34.09710659,8.54,SYLMAR_2_LDWP,HydraulicTurbine
-119.5528063,37.0924854,8.5,KERKH1_7_UNIT 2,HydraulicTurbine
-118.501773,37.32302916,7.95,BISHOP_1_UNITS,HydraulicTurbine
-117.1831555,33.83600016,7.94,VALLEY_5_PERRIS,HydraulicTurbine
-118.5320547,37.30208256,7.84,BISHOP_1_UNITS,HydraulicTurbine
-121.9654883,40.40103103,7.65,INSKIP_2_UNIT,HydraulicTurbine
-120.8506616,38.25697713,7.5,PARDEB_2_UNIT 1,HydraulicTurbine
-120.8505854,38.25693482,7.5,PARDEB_2_UNIT 2,HydraulicTurbine
-119.7071284,37.00243305,7.38,WOODWR_1_HYDRO,HydraulicTurbine
-118.5736546,37.2734654,7.3,BISHOP_1_ALAMO,HydraulicTurbine
-120.6049325,37.87611292,7.2,TULLCK_7_UNIT 3,HydraulicTurbine
-120.6447859,39.32460387,7.04,SPAULD_6_UNIT 1,HydraulicTurbine
-120.8131893,38.77175958,7.02,PLACVL_1_CHILIB,HydraulicTurbine
-121.9204774,40.87413393,7,COVERD_2_HCKHY1,HydraulicTurbine
-118.4820909,35.64414996,6.95,VESTAL_6_QF,HydraulicTurbine
-118.4819714,35.64412696,6.95,VESTAL_6_QF,HydraulicTurbine
-121.3169817,39.04874895,6.8,CAMPFW_7_FARWST,HydraulicTurbine
-121.8791998,40.39535731,6.75,SOUTH_2_UNIT,HydraulicTurbine
-120.6354628,39.3377124,6.61,SPAULD_6_UNIT 3,HydraulicTurbine
-122.3322874,39.8149153,6.4,BLCKBT_2_STONEY,HydraulicTurbine
-121.6574651,39.78897483,6.4,CNTRVL_6_UNIT,HydraulicTurbine
-120.7469478,39.00401131,6,OXBOW_6_DRUM,HydraulicTurbine
-120.1116474,38.18651157,6,SPRGAP_1_UNIT 1,HydraulicTurbine
-117.2356906,33.32890082,5.9,VALLEY_5_REDMTN,HydraulicTurbine
-120.8442177,39.29810113,5.5,DEERCR_6_UNIT 1,HydraulicTurbine
-117.819197,33.91138221,5.09,VILLPK_6_MWDYOR,HydraulicTurbine
-120.8069376,37.83040621,5.04,COTTLE_2_FRNKNH,HydraulicTurbine
-123.4979164,40.64675307,5,GRSCRK_6_BGCKWW,HydraulicTurbine
-120.5817401,39.56570107,5,HAYPRS_6_QFUNTS,HydraulicTurbine
-121.948695,40.87138004,5,COVERD_2_QFUNTS,HydraulicTurbine
-122.1042737,38.51360108,5,MONTPH_7_UNIT 1,HydraulicTurbine
-122.1042836,38.51356376,5,MONTPH_7_UNIT 2,HydraulicTurbine
-121.8907055,40.67059725,5,OLSEN_2_UNIT,HydraulicTurbine
-123.5089448,40.09411561,5,KEKAWK_6_UNIT,HydraulicTurbine
-120.5968013,39.56574296,5,HAYPRS_6_QFUNTS,HydraulicTurbine
-117.4537543,33.85524823,4.9,MIRLOM_7_MWDLKM,HydraulicTurbine
-118.8356204,36.48604907,4.8,RECTOR_2_KAWH 3,HydraulicTurbine
-117.1136487,32.93691327,4.65,CCRITA_7_RPPCHF,HydraulicTurbine
-118.6105894,34.5148783,4.52,SAUGUS_6_MWDFTH,HydraulicTurbine
-118.610501,34.51489297,4.52,SAUGUS_6_MWDFTH,HydraulicTurbine
-120.4464702,38.14710876,4.5,FROGTN_7_UTICA,HydraulicTurbine
-123.1280901,39.36179532,4.4,POTTER_6_UNIT 1,HydraulicTurbine
-119.1233694,37.76714769,4.4,CONTRL_1_RUSHCK,HydraulicTurbine
-118.7070958,36.16301332,4.25,SPRGVL_2_TULE,HydraulicTurbine
-118.7071237,36.1631346,4.25,SPRGVL_2_TULE,HydraulicTurbine
-121.0173828,37.08731392,4.2,ONLLPP_6_UNIT 1,HydraulicTurbine
-121.0173618,37.08728436,4.2,ONLLPP_6_UNIT 2,HydraulicTurbine
-121.0173459,37.08726363,4.2,ONLLPP_6_UNIT 3,HydraulicTurbine
-121.0173283,37.08723785,4.2,ONLLPP_6_UNIT 4,HydraulicTurbine
-121.017321,37.0872265,4.2,ONLLPP_6_UNIT 5,HydraulicTurbine
-121.0173008,37.08719611,4.2,ONLLPP_6_UNIT 6,HydraulicTurbine
-117.8293135,33.90008455,4.1,VILLPK_2_VALLYV,HydraulicTurbine
-119.123255,37.76689789,4,CONTRL_1_RUSHCK,HydraulicTurbine
-119.5192056,37.25399878,4,CRNEVL_6_SJQN 3,HydraulicTurbine
-120.8833378,35.79859306,3.98,OILFLD_7_QFUNTS,HydraulicTurbine
-117.8556807,34.20431133,3.9,RHONDO_2_QF,HydraulicTurbine
-118.4796388,37.33441512,3.8,BISHOP_1_ALAMO,HydraulicTurbine
-119.8997351,37.05684358,3.74,STOREY_2_MDRCH2,HydraulicTurbine
-120.645316,39.32457131,3.7,SPAULD_6_UNIT 2,HydraulicTurbine
-121.0240552,38.22561058,3.6,CAMCHE_1_UNIT 1,HydraulicTurbine
-121.0240667,38.2255018,3.6,CAMCHE_1_UNIT 2,HydraulicTurbine
-121.0240757,38.22540898,3.6,CAMCHE_1_UNIT 3,HydraulicTurbine
-120.6534256,39.44834279,3.6,BOWMN_6_HYDRO,HydraulicTurbine
-121.9591081,40.53444651,3.2,TKOPWR_2_UNIT,HydraulicTurbine
-119.5049097,37.15110546,3.2,WISHON_6_UNIT 1,HydraulicTurbine
-119.5048087,37.15106858,3.2,WISHON_6_UNIT 2,HydraulicTurbine
-119.5046656,37.15102351,3.2,WISHON_6_UNIT 3,HydraulicTurbine
-119.5045456,37.15097555,3.2,WISHON_6_UNIT 4,HydraulicTurbine
-117.9551495,33.9248944,3.13,OLINDA_2_COYCRK,HydraulicTurbine
-117.0990131,34.10760809,3.1,SBERDO_2_SNTANA,HydraulicTurbine
-121.0985874,38.8897522,3.1,WISE_1_UNIT 2,HydraulicTurbine
-123.1278929,39.36178702,3.06,POTTER_6_UNIT 3,HydraulicTurbine
-117.9083618,34.1549217,3,AZUSA_2_HYDRO,HydraulicTurbine
-121.7225704,40.85791282,3,SPBURN_7_SNOWMT,HydraulicTurbine
-119.1721946,38.042377,3,CONTRL_1_LUNDY,HydraulicTurbine
-121.546338,39.528774,2.97,HYTTHM_2_UNITS,HydraulicTurbine
-119.4975497,37.20322473,2.88,CRNEVL_6_SJQN 2,HydraulicTurbine
-117.6106259,33.85894723,2.85,MIRLOM_2_CORONA,HydraulicTurbine
-120.8791556,37.86066051,2.85,VLYHOM_7_SSJID,HydraulicTurbine
-117.4970872,33.83421722,2.85,MIRLOM_2_TEMESC,HydraulicTurbine
-123.011261,38.72208975,2.79,GYSRVL_7_WSPRNG,HydraulicTurbine
-121.0894553,40.26866534,2.75,HMLTBR_6_UNIT 2,HydraulicTurbine
-120.0008135,38.39179182,2.75,SPICER_1_UNIT 1,HydraulicTurbine
-120.0007316,38.39183467,2.75,SPICER_1_UNIT 2,HydraulicTurbine
-120.4443686,37.47786499,2.7,CRESSY_1_PARKER,HydraulicTurbine
-121.0894969,40.26873883,2.64,HMLTBR_6_UNIT 1,HydraulicTurbine
-121.9564188,40.84684336,2.6,COVERD_2_MCKHY1,HydraulicTurbine
-123.1857181,39.1973495,2.5,UKIAH_7_LAKEMN,HydraulicTurbine
-122.533223,39.58691333,2.5,ELKCRK_6_STONYG,HydraulicTurbine
-122.5332566,39.58672589,2.5,ELKCRK_6_STONYG,HydraulicTurbine
-122.566718,38.92348583,2.5,INDVLY_1_UNITS,HydraulicTurbine
-119.7033547,36.99765291,2.39,FRIANT_6_UNITS,HydraulicTurbine
-120.8149032,38.14959302,2,NHOGAN_6_UNIT 1,HydraulicTurbine
-121.9483696,40.88209133,2,COVERD_2_RCKHY1,HydraulicTurbine
-121.4479822,40.80133261,2,HATLOS_6_BWDHY1,HydraulicTurbine
-121.0957717,39.53003301,2,DEADCK_1_UNIT,HydraulicTurbine
-123.1279928,39.36179209,2,POTTER_6_UNIT 2,HydraulicTurbine
-118.0993135,34.00465538,1.91,CENTER_2_RHONDO,HydraulicTurbine
-117.3971135,34.1551512,1.9,ETIWND_2_FONTNA,HydraulicTurbine
-118.0434994,36.44344085,1.8,CTNWDP_1_QF,HydraulicTurbine
-118.8797434,36.46165113,1.8,RECTOR_2_KAWH 2,HydraulicTurbine
-120.7785288,38.78344457,1.8,PLACVL_1_RCKCRE,HydraulicTurbine
-120.7784533,38.78340149,1.8,PLACVL_1_RCKCRE,HydraulicTurbine
-121.5934017,39.89351435,1.8,TOADTW_6_UNIT,HydraulicTurbine
-118.462787,37.35000761,1.6,BISHOP_1_ALAMO,HydraulicTurbine
-120.3265277,38.03208398,1.6,PHOENX_1_UNIT,HydraulicTurbine
-121.0590875,39.00966363,1.5,HIGGNS_1_COMBIE,HydraulicTurbine
-121.8732683,40.67796671,1.5,KILARC_2_UNIT 1,HydraulicTurbine
-121.8731904,40.67790686,1.5,KILARC_2_UNIT 1,HydraulicTurbine
-122.1042952,38.51352356,1.5,MONTPH_7_UNIT 3,HydraulicTurbine
-123.7256505,40.52641259,1.5,BRDGVL_7_BAKER,HydraulicTurbine
-117.1752814,33.05098147,1.49,MSSION_2_QF,HydraulicTurbine
-122.5356419,39.07894652,1.46,INDVLY_1_UNITS,HydraulicTurbine
-122.5355907,39.07889874,1.46,INDVLY_1_UNITS,HydraulicTurbine
-121.161377,40.07534445,1.4,BUCKCK_7_OAKFLT,HydraulicTurbine
-118.9239965,36.05856656,1.4,SPRGVL_2_QF,HydraulicTurbine
-120.5393889,38.07191421,1.4,FROGTN_7_UTICA,HydraulicTurbine
-116.6405946,33.93464131,1.38,GARNET_2_HYDRO,HydraulicTurbine
-123.5231596,40.19980163,1.3,FTSWRD_6_TRFORK,HydraulicTurbine
-118.7888042,36.13571822,1.26,SPRGVL_2_TULESC,HydraulicTurbine
-118.7888626,36.13566783,1.26,SPRGVL_2_TULESC,HydraulicTurbine
-118.6240612,34.26199431,1.25,SAUGUS_6_CREST,HydraulicTurbine
-118.7524247,34.45961915,1.18,SAUGUS_6_QF,HydraulicTurbine
-121.2961521,39.55887935,1.12,KANAKA_1_UNIT,HydraulicTurbine
-121.842743,40.4580046,1.1,VOLTA_7_BAILEY,HydraulicTurbine
-121.4146264,40.75761356,1.1,HATLOS_6_LSCRK,HydraulicTurbine
-121.8697695,40.99242045,1.1,PIT5_7_NELSON,HydraulicTurbine
-117.8556864,34.20429698,1.08,RHONDO_2_QF,HydraulicTurbine
-117.8050722,34.12412334,1.05,PADUA_7_SDIMAS,HydraulicTurbine
-120.8036146,39.21596486,1,BNNIEN_7_ALTAPH,HydraulicTurbine
-120.803444,39.21595931,1,BNNIEN_7_ALTAPH,HydraulicTurbine
-120.8150333,38.14960151,1,NHOGAN_6_UNIT 2,HydraulicTurbine
-119.0690537,34.2130142,1,SNCLRA_6_QF,HydraulicTurbine
-118.0435443,36.44336302,1,CTNWDP_1_QF,HydraulicTurbine
-123.4345867,40.36978346,1,LOWGAP_7_MATHEW,HydraulicTurbine
-123.434514,40.36982838,1,LOWGAP_7_MATHEW,HydraulicTurbine
-118.8619499,36.46528335,1,RECTOR_2_KAWH 1,HydraulicTurbine
-123.1857453,39.19748218,1,UKIAH_7_LAKEMN,HydraulicTurbine
-121.5709925,39.69880072,1,CLRKRD_6_LIMESD,HydraulicTurbine
-121.5709897,39.6987293,1,CLRKRD_6_LIMESD,HydraulicTurbine
-117.0395189,34.08808824,1,SBERDO_6_MILLCK,HydraulicTurbine
-117.0395167,34.08799512,1,SBERDO_6_MILLCK,HydraulicTurbine
-117.0395133,34.08789481,1,SBERDO_6_MILLCK,HydraulicTurbine
-120.9325145,39.27209497,1,RIOOSO_1_QF,HydraulicTurbine
-121.8621933,40.45190791,1,VOLTA_2_UNIT 2,HydraulicTurbine
-121.6574273,39.78880623,0.9,CNTRVL_6_UNIT,HydraulicTurbine
-121.6005247,39.60502411,0.9,CLRKRD_6_COALCN,HydraulicTurbine
-119.52951,37.29157477,0.9,CRNEVL_6_CRNVA,HydraulicTurbine
-120.4898323,37.45431072,0.9,CURIS_1_QF,HydraulicTurbine
-120.4325198,37.36856697,0.9,CURIS_1_QF,HydraulicTurbine
-117.0773161,34.07407158,0.8,SBERDO_6_MILLCK,HydraulicTurbine
-117.0588729,34.14550735,0.8,SBERDO_2_SNTANA,HydraulicTurbine
-117.0587729,34.14545304,0.8,SBERDO_2_SNTANA,HydraulicTurbine
-117.058692,34.14541767,0.8,SBERDO_2_SNTANA,HydraulicTurbine
-117.0586018,34.14536831,0.8,SBERDO_2_SNTANA,HydraulicTurbine
-117.2466901,33.06798431,0.74,CCRITA_7_RPPCHF,HydraulicTurbine
-120.4080964,39.05650019,0.73,FMEADO_6_HELLHL,HydraulicTurbine
-122.0210443,40.57082414,0.72,COWCRK_2_UNIT,HydraulicTurbine
-122.0209186,40.57079854,0.72,COWCRK_2_UNIT,HydraulicTurbine
-117.256843,34.08421522,0.6,PADUA_2_ONTARO,HydraulicTurbine
-122.1555577,39.76241244,0.5,ORLND_6_HIGHLI,HydraulicTurbine
-117.4863768,34.23161433,0.5,ETIWND_2_FONTNA,HydraulicTurbine
-120.0006467,38.39188465,0.5,SPICER_1_UNIT 3,HydraulicTurbine
-119.4941218,37.15885596,0.43,CRNEVL_6_SJQN 1,HydraulicTurbine
-117.0971394,34.11368243,0.4,SBERDO_2_SNTANA,HydraulicTurbine
-117.0970313,34.1135658,0.4,SBERDO_2_SNTANA,HydraulicTurbine
-120.698177,38.77252747,0.4,APLHIL_1_SLABCK,HydraulicTurbine
-120.8833246,35.79855538,0.38,OILFLD_7_QFUNTS,HydraulicTurbine
-122.7937104,40.72544747,0.35,LEWSTN_7_UNIT 1,HydraulicTurbine
-117.2519577,34.08547427,0.32,PADUA_2_ONTARO,HydraulicTurbine
-121.0587373,39.01016872,0.3,HIGGNS_1_COMBIE,HydraulicTurbine
-120.8550321,35.21219255,1159,DIABLO_7_UNIT 1,SteamTurbine
-120.8546122,35.21139948,1164,DIABLO_7_UNIT 2,SteamTurbine
-117.555487,33.3692109,1127,SONGS_7_UNIT 2,SteamTurbine
-117.5542438,33.36860131,1127,SONGS_7_UNIT 3,SteamTurbine
-116.8230434,34.86883797,13.8,GALE_1_SEGS1,SteamTurbine
-116.8251491,34.8616337,30,SEGS_1_SEGS2,SteamTurbine
-117.5556422,35.00719814,34.2,KRAMER_1_SEGSR3,SteamTurbine
-117.555816,35.01196664,34.2,KRAMER_1_SEGSR4,SteamTurbine
-117.3379634,35.03232123,92,KRAMER_2_SEGS89,SteamTurbine
-117.555676,35.01922414,34.2,KRAMER_1_SEGSR5,SteamTurbine
-117.5659768,35.02163167,35,KRAMER_1_SEGS37,SteamTurbine
-117.5661418,35.01416557,35,KRAMER_1_SEGS37,SteamTurbine
-117.3563423,35.03152212,92,KRAMER_2_SEGS89,SteamTurbine
-115.4512717,35.53568814,126,IVANPA_1_UNIT1,SteamTurbine
-115.4701899,35.55712896,133,IVANPA_1_UNIT2,SteamTurbine
-115.4828311,35.57611812,133,IVANPA_1_UNIT3,SteamTurbine
-118.3380468,34.93078105,110,CATLNA_2_SOLAR1,PhotoVoltaic
-117.3298507,35.01483986,125,SANDLT_2_STGA,PhotoVoltaic
-117.3046601,35.00387819,125,SANDLT_2_STGB,PhotoVoltaic
-121.9264281,38.41108574,2,VACADX_1_SOLAR,PhotoVoltaic
-114.7446167,33.59486907,21,BLYTHE_1_SOLAR1,PhotoVoltaic
-118.1377905,34.73295569,7.5,LNCSTR_6_SOLAR,SteamTurbine
-117.7008605,33.984696,1.22,CHINO_2_SOLAR,PhotoVoltaic
-117.5162522,34.08136285,2.44,ETIWND_2_SOLAR,PhotoVoltaic
-120.3658556,36.75967316,5,MENBIO_6_RENEW1,PhotoVoltaic
-122.4850197,37.7503484,4.5,MARTIN_1_SUNSET,PhotoVoltaic
-120.1068185,35.99159749,6,AVENAL_6_AVPARK,PhotoVoltaic
-120.1009832,35.98487732,20,AVENAL_6_SUNCTY,PhotoVoltaic
-117.4001392,34.09476248,1.22,VISTA_2_RIALTO,PhotoVoltaic
-117.2392111,32.87421051,1.2,DAVIS_1_SOLAR1,PhotoVoltaic
-120.1030185,35.98066339,19,AVENAL_6_SANDDG,PhotoVoltaic
-117.510865,33.82799175,1.5,CORONS_2_SOLAR,PhotoVoltaic
-117.5720645,34.04166349,2.55,MIRLOM_2_ONTARO,PhotoVoltaic
-120.1232847,36.37770403,20,SCHNDR_1_WSTSDE,PhotoVoltaic
-120.1233327,36.53040721,20,STROUD_6_SOLAR,PhotoVoltaic
-120.1079864,36.39643603,15,SCHNDR_1_FIVPTS,PhotoVoltaic
-117.2307922,34.08631974,3.4,SBERDO_2_RTS005,PhotoVoltaic
-117.9351197,34.61293072,2,LITLRK_6_SEPV01,PhotoVoltaic
-116.1530782,34.17658648,2,DEVERS_1_SEPV05,PhotoVoltaic
-117.3789095,34.43447909,1.5,VICTOR_1_SLRHES,PhotoVoltaic
-120.342437,36.42500101,20,CANTUA_1_SOLAR,PhotoVoltaic
-120.1423435,36.12808285,20,HURON_6_SOLAR,PhotoVoltaic
-120.3135775,36.52828243,10,GIFFEN_6_SOLAR,PhotoVoltaic
-119.7981634,36.67888878,1.5,WFRESN_1_SOLAR,PhotoVoltaic
-117.2277132,34.08636126,3.2,SBERDO_2_RTS007,PhotoVoltaic
-117.5648621,34.04207041,2.85,MIRLOM_2_ONTARO,PhotoVoltaic
-117.5712222,34.04299014,1.41,MIRLOM_2_ONTARO,PhotoVoltaic
-117.5171193,34.07571256,2.25,ETIWND_2_RTS010,PhotoVoltaic
-117.2416327,34.07603773,5.02,SBERDO_2_RTS011,PhotoVoltaic
-117.2354508,34.08353364,4.93,SBERDO_2_RTS013,PhotoVoltaic
-117.5167758,34.07882548,4.69,ETIWND_2_RTS015,PhotoVoltaic
-117.2335401,34.08574164,1.75,SBERDO_2_RTS016,PhotoVoltaic
-117.512901,34.07221577,4.5,ETIWND_2_RTS017,PhotoVoltaic
-117.5166353,34.08313986,1.94,ETIWND_2_RTS018,PhotoVoltaic
-117.2125821,34.08000192,3.09,SBERDO_2_REDLND,PhotoVoltaic
-117.5202281,34.08178201,3.86,ETIWND_2_RTS023,PhotoVoltaic
-117.4253321,34.13032277,8.6,ETIWND_2_RTS026,PhotoVoltaic
-117.2743742,34.09361154,4.86,VISTA_2_RTS028,PhotoVoltaic
-117.5720668,34.03031112,1.74,MIRLOM_2_RTS032,PhotoVoltaic
-117.5693756,34.03212207,1.28,MIRLOM_2_RTS033,PhotoVoltaic
-119.0777262,36.02865738,6.77,VESTAL_2_RTS042,PhotoVoltaic
-117.2196881,33.83940492,10.15,VALLEY_5_RTS044,PhotoVoltaic
-118.0543603,33.9136091,1.3,DELAMO_2_SOLRC1,PhotoVoltaic
-118.052349,33.91149801,1.25,DELAMO_2_SOLRD,PhotoVoltaic
-117.6589916,33.96497012,1.87,CHINO_2_SASOLR,PhotoVoltaic
-117.8452592,34.00889032,1.5,WALNUT_2_SOLAR,PhotoVoltaic
-120.1346381,36.14113408,10,GATES_2_WSOLAR,PhotoVoltaic
-120.1138549,36.1776947,20,GATES_2_SOLAR,PhotoVoltaic
-119.6504634,36.16272055,20,GUERNS_6_SOLAR,PhotoVoltaic
-117.4243456,34.12720233,2.62,ETIWND_2_RTS027,PhotoVoltaic
-118.5134151,34.79455948,66,NEENCH_6_SOLAR,PhotoVoltaic
-116.3541393,33.29317223,26,BREGGO_6_SOLAR,PhotoVoltaic
-118.304773,34.70626368,20,GLOW_6_SOLAR,PhotoVoltaic
-119.9276379,35.32053745,210,CAVLSR_2_RSOLAR,PhotoVoltaic
-119.9082467,35.3309086,40,CAVLSR_2_BSOLAR,PhotoVoltaic
-118.4349643,34.7832309,250,AVSOLR_2_SOLAR,PhotoVoltaic
-113.4936921,32.97797528,243,AGUCAL_5_SOLAR1,PhotoVoltaic
-114.9928189,35.78054214,48,COPMTN_2_SOLAR1,PhotoVoltaic
-114.9979358,35.78700447,10,COPMTN_2_CM10,PhotoVoltaic
-114.9819505,35.80009242,94.5,COPMT2_2_SOLAR2,PhotoVoltaic
-120.0505504,35.37629587,550,TOPAZ_2_SOLAR,PhotoVoltaic
-119.4435846,35.89495506,50,ALPSLR_1_SPSSLR,PhotoVoltaic
-119.4413701,35.90196301,20,ALPSLR_1_NTHSLR,PhotoVoltaic
-119.425684,35.90939191,20,OLIVEP_1_SOLAR,PhotoVoltaic
-119.5737566,36.13988776,20,WAUKNA_1_SOLAR,PhotoVoltaic
-116.5943725,33.92325331,2.8,BUCKWD_1_NPALM1,PhotoVoltaic
-116.5611201,33.90974772,4.9,GARNET_1_SOLAR,PhotoVoltaic
-118.4275429,34.83317519,177,SLSTR1_2_SOLAR1,PhotoVoltaic
-118.3656858,34.85242106,235,SLSTR2_2_SOLAR2,PhotoVoltaic
-112.9288408,33.34616374,165,MSOLAR_2_SOLAR1,PhotoVoltaic
-115.6672079,32.66285325,128.9,CSLR4S_2_SOLAR,PhotoVoltaic
-115.3948078,33.81149081,115.92,DSRTSL_2_SOLAR2,PhotoVoltaic
-115.4091325,33.82382782,192.77,DSRTSL_2_SOLAR1,PhotoVoltaic
-115.7250349,32.74710427,197,CPVERD_2_SOLAR,PhotoVoltaic
-115.008918,33.66945096,125,GENESI_2_STG1,SteamTurbine
-114.9831595,33.66057018,125,GENESI_2_STG2,SteamTurbine
-119.8296615,36.22042043,20,KANSAS_6_SOLAR,PhotoVoltaic
-118.3276807,34.68676947,20,PLAINV_6_BSOLAR,PhotoVoltaic
-118.1638697,35.04856293,5,GLDTWN_6_SOLAR,PhotoVoltaic
-117.4808883,34.51246998,17.5,VICTOR_1_SOLAR1,PhotoVoltaic
-118.2413855,34.90415486,20,RSMSLR_6_SOLAR2,PhotoVoltaic
-118.2507762,34.90419644,20,RSMSLR_6_SOLAR1,PhotoVoltaic
-116.2364713,34.16280595,18.5,DEVERS_1_SOLAR,PhotoVoltaic
-115.6458432,32.69026716,127,CNTNLA_2_SOLAR1,PhotoVoltaic
-115.6451536,32.68399757,45.6,CNTNLA_2_SOLAR2,PhotoVoltaic
-118.1684231,35.02016986,10,GLDTWN_6_COLUM3,PhotoVoltaic
-117.3402826,34.58236739,2,VICTOR_1_EXSLRA,PhotoVoltaic
-121.4255446,41.03152125,1.5,PIT1_6_FRIVRA,PhotoVoltaic
-121.4226831,41.03152999,1.5,MCARTH_6_FRIVRB,PhotoVoltaic
-121.1408491,38.12211559,1,LOCKFD_1_KSOLAR,PhotoVoltaic
-119.4155184,36.66719047,1.25,REEDLY_6_SOLAR,PhotoVoltaic
-121.1484146,38.13562572,1.5,LOCKFD_1_BEARCK,PhotoVoltaic
-121.4035396,36.83258659,2,HOLSTR_1_SOLAR,PhotoVoltaic
-116.8716904,33.0129707,2,CRELMN_6_RAMON1,PhotoVoltaic
-116.8716934,33.01098319,5,CRELMN_6_RAMON2,PhotoVoltaic
-118.8843293,35.1455011,12,ARVINN_6_ORION1,PhotoVoltaic
-118.8793326,35.14893172,8,ARVINN_6_ORION2,PhotoVoltaic
-118.9521145,35.10450965,20,ADOBEE_1_SOLAR,PhotoVoltaic
-123.0180483,38.77570663,2,CLOVDL_1_SOLAR,PhotoVoltaic
-121.6944458,38.50052458,2.5,DAVIS_1_SOLAR1,PhotoVoltaic
-121.6923907,38.50060053,2.5,DAVIS_1_SOLAR2,PhotoVoltaic
-120.3827954,36.61315036,19,ADMEST_6_SOLAR,PhotoVoltaic
-118.1824557,35.01217561,45,CAMLOT_2_SOLAR1,PhotoVoltaic
-118.1799736,35.01988696,15,CUMBIA_1_SOLAR,PhotoVoltaic
-119.9098312,36.2216001,20,KNTSTH_6_SOLAR,PhotoVoltaic
-119.0802425,35.22058168,20,OLDRV1_6_SOLAR,PhotoVoltaic
-119.5813899,36.13992246,20,CORCAN_1_SOLAR1,PhotoVoltaic
-118.327667,34.69098783,20,ACACIA_6_SOLAR,PhotoVoltaic
-119.8263588,36.24488715,20,LEPRFD_1_KANSAS,PhotoVoltaic
-119.4645602,35.87153897,19.8,OLIVEP_1_SOLAR2,PhotoVoltaic
-118.8472438,35.29371038,60,LAMONT_1_SOLAR1,PhotoVoltaic
-117.2280178,34.07995052,5,SBERDO_2_RTS048,PhotoVoltaic
-119.4523621,35.87479913,20,ATWELL_1_SOLAR,PhotoVoltaic
-115.4637503,33.08495307,50,ALHMBR_1_ALHSLR,PhotoVoltaic
-115.4628123,33.14416672,50,ARKANS_1_ARKSLR,PhotoVoltaic
-119.5642473,35.61871191,20,WLDWD_1_SOLAR1,PhotoVoltaic
-116.8675967,34.3971442,10,VICTOR_1_LVSLR1,PhotoVoltaic
-116.8625655,34.40604193,20,VICTOR_1_LVSLR2,PhotoVoltaic
-119.1266806,35.44665381,20,7STDRD_1_SOLAR1,PhotoVoltaic
-119.5760294,35.58854594,12,GOOSLK_1_SOLAR1,PhotoVoltaic
-119.5512227,36.13704173,11,CORCAN_1_SOLAR2,PhotoVoltaic
-117.3446322,34.68695848,20,VICTOR_1_SOLAR2,PhotoVoltaic
-118.3489899,34.81517079,18,CATLNA_2_SOLAR2,PhotoVoltaic
-119.558793,36.13609734,19.8,WAUKNA_1_SOLAR2,PhotoVoltaic
-119.451374,35.81533606,19.8,ATWEL2_1_SOLAR1,PhotoVoltaic
-120.8142498,36.92511963,20,VEGA_6_SOLAR1,PhotoVoltaic
-118.0689511,34.64903116,20,OASIS_6_SOLAR2,PhotoVoltaic
-119.8523794,35.62007534,12,BLCKWL_6_SOLAR1,PhotoVoltaic
-119.8524679,35.62553932,21.28,LHILLS_6_SOLAR1,PhotoVoltaic
-120.4097904,36.72435018,61.6,MNDOTA_1_SOLAR1,PhotoVoltaic
-121.8615744,38.01667793,19,CUMBIA_1_SOLAR,PhotoVoltaic
-114.7336873,33.69449737,250,BLKCRK_2_SOLAR1,PhotoVoltaic
-115.5321781,33.1648599,20,CALPSS_6_SOLAR1,PhotoVoltaic
-119.8206608,35.73333584,15,MRLSDS_6_SOLAR1,PhotoVoltaic
-116.0070518,33.1158638,20,ANZA_6_SOLAR1,PhotoVoltaic
-116.0092147,33.10861728,30,ANZA_6_SOLAR2,PhotoVoltaic
-117.3698035,34.55425019,20,VICTOR_1_SOLAR4,PhotoVoltaic
-117.3767606,34.55422661,7,VICTOR_1_SOLAR3,PhotoVoltaic
-119.3271857,35.11044431,20,MARCPW_6_SOLAR1,PhotoVoltaic
-117.3411816,34.58337389,2,VICTOR_1_EXSLRB,PhotoVoltaic
-117.9390147,34.61218367,10,PMDLET_6_SOLAR1,PhotoVoltaic
-117.4699579,34.49739367,5,VICTOR_1_VDRYFA,PhotoVoltaic
-117.4722812,34.49733445,5,VICTOR_1_VDRYFB,PhotoVoltaic
-120.3241571,37.1181451,20,ADERA_1_SOLAR1,PhotoVoltaic
-117.007298,33.74344173,20,VALLEY_5_SOLAR2,PhotoVoltaic
-120.4352395,36.72592363,5,MNDOTA_1_SOLAR2,PhotoVoltaic
-119.945349,36.05441139,20,EEKTMN_6_SOLAR1,PhotoVoltaic
-120.1024705,36.61607319,1.5,KERMAN_6_SOLAR1,PhotoVoltaic
-120.1055372,36.61699844,1.5,KERMAN_6_SOLAR2,PhotoVoltaic
-118.8771742,35.32672198,26.66,LAMONT_1_SOLAR4,PhotoVoltaic
-121.4290023,36.86211123,1.5,HOLSTR_1_SOLAR2,PhotoVoltaic
-120.4845371,37.26708097,1.5,MERCED_1_SOLAR2,PhotoVoltaic
-120.4825017,37.26708097,1.5,MERCED_1_SOLAR1,PhotoVoltaic
-118.8117399,35.3207303,16.66,LAMONT_1_SOLAR5,PhotoVoltaic
-118.32825,34.70574916,20,PLAINV_6_SOLAR3,PhotoVoltaic
-119.9057488,35.72605611,20,TWISSL_6_SOLAR1,PhotoVoltaic
-118.0895975,34.66497306,1.5,OASIS_6_SOLAR1,PhotoVoltaic
-115.3584081,35.62372162,250,PRIMM_2_SOLAR1,PhotoVoltaic
-120.6491409,37.05777005,1.5,S_RITA_6_SOLAR1,PhotoVoltaic
-118.0451411,33.91071133,1.5,DELAMO_2_SOLAR1,PhotoVoltaic
-118.0432334,33.91076787,1.75,DELAMO_2_SOLAR2,PhotoVoltaic
-115.659611,32.66759433,148.7,IVWEST_2_SOLAR1,PhotoVoltaic
-118.1037285,33.98166984,0.9,CENTER_2_SOLAR1,PhotoVoltaic
-121.0391792,37.11935533,108,SLST13_2_SOLAR1,PhotoVoltaic
-117.4062439,33.97497108,7.5,RVSIDE_6_SOLAR1,PhotoVoltaic
-118.8195259,35.32365608,14.99,LAMONT_1_SOLAR3,PhotoVoltaic
-117.5512727,34.10010407,1.75,PADUA_2_SOLAR1,PhotoVoltaic
-117.544505,34.09741822,1,ETIWND_2_SOLAR2,PhotoVoltaic
-117.5540798,34.04454112,0.65,ETIWND_2_SOLAR1,PhotoVoltaic
-115.402894,35.5956666,299.99,DSRTSL_2_SOLAR1,PhotoVoltaic
-120.2427435,36.39519668,60,EXCLSG_1_SOLAR,PhotoVoltaic
-121.1302681,37.38955041,20,CRWCKS_1_SOLAR1,PhotoVoltaic
-114.7512342,33.67950999,110,DRACKR_2_SOLAR1,PhotoVoltaic
-119.5796892,36.14304449,20,FRESHW_1_SOLAR1,PhotoVoltaic
-119.2383838,35.12512126,20,SKERN_6_SOLAR1,PhotoVoltaic
-120.4049994,36.59048571,200,TRNQLT_2_SOLAR,PhotoVoltaic
-114.6901236,33.61261214,125,DRACKR_2_SOLAR2,PhotoVoltaic
-118.5138508,34.83056859,200,GARLND_2_GASLR,PhotoVoltaic
-119.8000978,36.22399042,100,HENRTS_1_SOLAR,PhotoVoltaic
-119.9158023,36.24457034,30,MSTANG_2_SOLAR,PhotoVoltaic
-119.9150174,36.2394861,40,MSTANG_2_SOLAR3,PhotoVoltaic
-119.9158303,36.23550169,30,MSTANG_2_SOLAR4,PhotoVoltaic
-118.4520603,34.84377983,100,ASTORA_2_SOLAR1,PhotoVoltaic
-118.4697675,34.82768524,75,ASTORA_2_SOLAR2,PhotoVoltaic
-119.0415668,35.83108794,20,VESTAL_2_SOLAR1,PhotoVoltaic
-119.0286007,35.82204775,14,VESTAL_2_SOLAR2,PhotoVoltaic
-114.9583232,35.78907494,93.6,COPMT4_2_SOLAR4,PhotoVoltaic
-117.9161482,34.51085914,9.5,PBLOSM_2_SOLAR,PhotoVoltaic
-119.906395,36.21899317,2,HENRTA_6_SOLAR2,PhotoVoltaic
-117.1022631,34.90355185,20,TORTLA_1_SOLAR,PhotoVoltaic
-119.5726574,35.63176469,15,WLDWD_1_SOLAR2,PhotoVoltaic
-119.3867901,35.21092527,1.5,TX-ELK_6_SOLAR1,PhotoVoltaic
-118.2837362,34.65813902,50,BIGSKY_2_SOLAR7,PhotoVoltaic
-118.312789,34.66265297,5,BIGSKY_2_SOLAR5,PhotoVoltaic
-118.3012625,34.72672672,40,BIGSKY_2_SOLAR2,PhotoVoltaic
-117.9392601,34.61851741,1.5,LITLRK_6_SOLAR2,PhotoVoltaic
-118.292501,34.66126209,85,BIGSKY_2_SOLAR6,PhotoVoltaic
-118.3095797,34.71572302,20,BIGSKY_2_SOLAR3,PhotoVoltaic
-118.3142206,34.72749537,20,PLAINV_6_NLRSR1,PhotoVoltaic
-112.9557409,33.3395258,165,MSOLAR_2_SOLAR2,PhotoVoltaic
-112.9222994,33.33201974,152,MSOLAR_2_SOLAR3,PhotoVoltaic
-120.1331504,36.38191052,20,PAIGES_6_SOLAR,PhotoVoltaic
-120.1330706,36.37503763,20,WHITNY_6_SOLAR,PhotoVoltaic
-119.63699,35.41473098,20,PMPJCK_1_SOLAR2,PhotoVoltaic
-118.4378813,34.82893783,20.73,KNGBRD_2_SOLAR2,PhotoVoltaic
-118.4177248,34.82046281,20.73,KNGBRD_2_SOLAR1,PhotoVoltaic
-118.3128393,34.6854364,20,BIGSKY_2_SOLAR4,PhotoVoltaic
-119.7974702,36.25689046,1.5,HENRTA_6_SOLAR1,PhotoVoltaic
-117.51676,34.02980989,2,ETIWND_2_SOLAR5,PhotoVoltaic
-118.0480558,33.91396654,1.25,DELAMO_2_SOLAR3,PhotoVoltaic
-118.0404637,33.91254182,1.3,DELAMO_2_SOLAR4,PhotoVoltaic
-118.0483167,33.91244714,1,DELAMO_2_SOLAR5,PhotoVoltaic
-118.0502854,33.91083465,2,DELAMO_2_SOLAR6,PhotoVoltaic
-119.0681703,35.85444576,20,CEDUCR_2_SOLAR1,PhotoVoltaic
-119.0707609,35.84792323,20,CEDUCR_2_SOLAR2,PhotoVoltaic
-119.0570918,35.84644888,15,CEDUCR_2_SOLAR3,PhotoVoltaic
-119.0218976,35.85043378,20,CEDUCR_2_SOLAR4,PhotoVoltaic
-117.026688,33.2644046,3,LILAC_6_SOLAR,PhotoVoltaic
-120.1518863,35.99713281,15,AVENAL_6_AVSLR1,PhotoVoltaic
-120.6658317,36.8785102,20,OROLOM_1_SOLAR1,PhotoVoltaic
-120.3391007,36.55067266,20,GIFENS_6_BUGSL1,PhotoVoltaic
-117.9480991,34.59997453,3,LITLRK_6_SOLAR4,PhotoVoltaic
-116.8315422,34.86183073,20,SEGS_1_SR2SL2,PhotoVoltaic
-116.8229371,34.86651028,13.8,GALE_1_SR3SR3,PhotoVoltaic
-118.3036829,34.71689081,3,ROSMND_6_SOLAR,PhotoVoltaic
-117.0220805,33.2493297,2.33,VLCNTR_6_VCSLR,PhotoVoltaic
-116.1265105,32.62340245,20,JACMSR_1_JACSR1,PhotoVoltaic
-117.5659383,34.03883894,3,MIRLOM_2_LNDFL,Other
-114.7033217,33.62351696,20,BLYTHE_1_SOLAR2,PhotoVoltaic
-119.1024988,35.34640747,1,BKRFLD_2_SOLAR1,PhotoVoltaic
-117.5606726,34.04208082,0.5,MIRLOM_2_ONTARO,PhotoVoltaic
-121.7483973,38.00143824,1.5,COCOSB_6_SOLAR,PhotoVoltaic
-121.915909,37.36727293,2.5,GRIDLY_6_SOLAR,PhotoVoltaic
-115.6496137,32.67548371,200,IVSLRP_2_SOLAR1,PhotoVoltaic
-120.5263526,37.89015416,1.5,PEORIA_1_SOLAR,PhotoVoltaic
-119.7150043,35.6474812,1.5,TWISSL_6_SOLAR,PhotoVoltaic
-117.0015536,33.23309899,2.5,VLCNTR_6_VCSLR1,PhotoVoltaic
-117.002969,33.22986891,5,VLCNTR_6_VCSLR2,PhotoVoltaic
-119.5719284,36.5459205,1.85,KNGBRG_1_KBSLR1,PhotoVoltaic
-119.5707091,36.54593511,1.85,KNGBRG_1_KBSLR2,PhotoVoltaic
-120.0753369,36.13962774,18,JAYNE_6_WLSLR,PhotoVoltaic
-119.2482321,35.12833799,10,SKERN_6_SOLAR2,PhotoVoltaic
-118.1300231,34.70188298,1.5,DELSUR_6_BSOLAR,PhotoVoltaic
-118.3011635,34.72920843,6.5,DELSUR_6_SOLAR1,PhotoVoltaic
-118.3187103,34.68624447,10,PLAINV_6_DSOLAR,PhotoVoltaic
-120.5074644,37.35163839,1.5,ELCAP_1_SOLAR,PhotoVoltaic
-116.3282728,33.26477963,3.5,BREGGO_6_DEGRSL,PhotoVoltaic
-120.6825253,35.55776402,1.5,TMPLTN_2_SOLAR,PhotoVoltaic
-121.6696882,39.29187163,1.25,LIVEOK_6_SOLAR,PhotoVoltaic
-116.5440655,33.89229344,4,GARNET_1_SOLAR2,PhotoVoltaic
-121.9951546,38.52110831,2,PUTHCR_1_SOLAR1,PhotoVoltaic
-116.1527784,34.17223709,12,DEVERS_1_SOLAR1,PhotoVoltaic
-116.0918009,34.18838379,9,DEVERS_1_SOLAR2,PhotoVoltaic
-117.5906704,34.04964427,1.5,CHINO_2_JURUPA,PhotoVoltaic
-118.2905853,34.71734559,5,DELSUR_6_DRYFRB,PhotoVoltaic
-117.5304377,34.04334994,1.23,ETIWND_2_CHMPNE,PhotoVoltaic
-117.9370663,34.60267734,5,LITLRK_6_SOLAR1,PhotoVoltaic
-119.5966515,35.23727076,20,PMPJCK_1_SOLAR1,PhotoVoltaic
-120.2323388,40.34804862,1.5,WINAMD_6_UNIT 1,SteamTurbine
-120.2322226,40.34801655,2.6,WINAMD_6_UNIT 2,SteamTurbine
-122.6936432,38.76340848,11,BEARCN_2_UNIT 1,SteamTurbine
-122.693545,38.76330826,11,BEARCN_2_UNIT 2,SteamTurbine
-122.7219053,38.78841701,14.4,WDFRDF_2_UNITS,SteamTurbine
-122.7216938,38.78829566,14.4,WDFRDF_2_UNITS,SteamTurbine
-117.7890764,36.00257092,33.33,BLM E_2_UNIT 7,SteamTurbine
-117.7883405,36.00256304,33.33,BLM E_2_UNIT 8,SteamTurbine
-117.7881803,36.00240028,33.33,BLM W_2_UNIT 9,SteamTurbine
-117.7981443,36.03799914,35.77,CALGEN_1_UNIT 1,SteamTurbine
-117.7976847,36.03771895,33.33,CALGEN_1_UNIT 2,SteamTurbine
-117.7972192,36.03744342,33.33,CALGEN_1_UNIT 3,SteamTurbine
-117.7922799,36.01893949,33.33,NAVYII_2_UNIT 5,SteamTurbine
-117.7917003,36.01931719,33.33,NAVYII_2_UNIT 4,SteamTurbine
-117.7910936,36.01966795,33.33,NAVYII_2_UNIT 6,SteamTurbine
-115.6172,33.16441566,35.8,MIRAGE_2_COCHLA,SteamTurbine
-115.6024073,33.17800078,35.8,MIRAGE_2_COCHLA,SteamTurbine
-115.6386239,33.1569463,51,MIRAGE_2_COCHLA,SteamTurbine
-115.6377069,33.1535886,49.9,MIRAGE_2_COCHLA,SteamTurbine
-122.880928,38.83351757,11.2,ADLIN_1_UNIT 1,SteamTurbine
-122.8807459,38.83363648,11.2,ADLIN_1_UNIT 2,SteamTurbine
-122.744817,38.77707333,120,GEYS16_7_UNIT16,SteamTurbine
-122.7821814,38.82372029,120,GEYS17_7_UNIT17,SteamTurbine
-122.7469619,38.7684611,120,GEYS18_7_UNIT18,SteamTurbine
-122.7540423,38.77943596,120,GEYS20_7_UNIT20,SteamTurbine
-115.5177697,32.71584822,52,MIRAGE_2_COCHLA,SteamTurbine
-115.5171887,32.71584405,3.5,MIRAGE_2_COCHLA,SteamTurbine
-115.5181245,32.71333182,7,MIRAGE_2_COCHLA,SteamTurbine
-115.5640225,33.17834947,35.8,MIRAGE_2_COCHLA,SteamTurbine
-118.9143377,37.64511993,5,CONTRL_1_CASAD1,SteamTurbine
-118.9138612,37.64495326,5,CONTRL_1_CASAD1,SteamTurbine
-118.9097453,37.64634915,5,CONTRL_1_CASAD3,SteamTurbine
-118.9083592,37.64648756,5,CONTRL_1_CASAD3,SteamTurbine
-118.9085251,37.64612984,5,CONTRL_1_CASAD3,SteamTurbine
-118.9100133,37.64576601,5,CONTRL_1_QF,SteamTurbine
-118.9102187,37.6453041,5,CONTRL_1_QF,SteamTurbine
-118.9087784,37.64554748,5,CONTRL_1_QF,SteamTurbine
-122.7191338,38.75148922,55,NCPA_7_GP1UN1,SteamTurbine
-122.7185904,38.75188479,55,NCPA_7_GP1UN2,SteamTurbine
-122.7113295,38.74762868,55,NCPA_7_GP2UN3,SteamTurbine
-122.7103878,38.74838793,55,NCPA_7_GP2UN4,SteamTurbine
-115.2470737,32.78732972,24,MIRAGE_2_COCHLA,SteamTurbine
-122.7563499,38.79069882,78,SMUDGO_7_UNIT 1,SteamTurbine
-115.6473161,33.15884435,10,MIRAGE_2_COCHLA,SteamTurbine
-115.6474688,33.15858833,11.65,MIRAGE_2_COCHLA,SteamTurbine
-115.6473684,33.15850556,5.7,MIRAGE_2_COCHLA,SteamTurbine
-115.6472763,33.15842551,4.4,MIRAGE_2_COCHLA,SteamTurbine
-115.6387188,33.15813892,53.97,MIRAGE_2_COCHLA,SteamTurbine
-122.7456921,38.79038949,48.5,SANTFG_7_UNIT 1,SteamTurbine
-122.7449629,38.79030358,48.5,SANTFG_7_UNIT 2,SteamTurbine
-115.536022,32.71535595,48,MIRAGE_2_COCHLA,SteamTurbine
-115.5376531,32.71499586,16,MIRAGE_2_COCHLA,SteamTurbine
-115.537445,32.71287343,16,MIRAGE_2_COCHLA,SteamTurbine
-115.535825,32.71355182,21,MIRAGE_2_COCHLA,SteamTurbine
-115.5362819,32.71355857,27,MIRAGE_2_COCHLA,SteamTurbine
-115.6190377,33.16249404,30.16,MIRAGE_2_COCHLA,SteamTurbine
-115.6196649,33.16248979,9.56,MIRAGE_2_COCHLA,SteamTurbine
-122.808627,38.80515854,55,GYS5X6_7_UNIT 5,SteamTurbine
-122.8087028,38.80466145,55,GYS5X6_7_UNIT 6,SteamTurbine
-122.8015392,38.81522005,55,GYS7X8_7_UNIT 7,SteamTurbine
-122.8009264,38.81507462,55,GYS7X8_7_UNIT 8,SteamTurbine
-122.8005763,38.8268354,110,GEYS11_7_UNIT11,SteamTurbine
-122.7839,38.80455767,110,GEYS12_7_UNIT12,SteamTurbine
-122.7287732,38.77242348,95,GEYS13_7_UNIT13,SteamTurbine
-122.7826675,38.78563873,117.5,GEYS14_7_UNIT14,SteamTurbine
-115.2578033,32.81499772,22.4,MIRAGE_2_COCHLA,SteamTurbine
-115.2554692,32.81587628,14.4,MIRAGE_2_COCHLA,SteamTurbine
-115.2482948,32.78431169,14.4,MIRAGE_2_COCHLA,SteamTurbine
-117.8549706,39.9669043,60.5,CONTRL_1_OXBOW,SteamTurbine
-122.7684243,38.83441722,55,GEYS17_2_BOTRCK,SteamTurbine
-116.7105139,33.91329233,40.92,CABZON_1_WINDA1,WindTurbine
-116.6767189,33.94602207,29.9,PANSEA_1_PANARO,WindTurbine
-116.6147002,33.92686222,30.9,SANWD_1_QF,WindTurbine
-118.358916,35.05359072,7.46,ANTLPE_2_QF,WindTurbine
-118.3171124,35.06674994,46.86,ENWIND_2_WIND2,WindTurbine
-116.6234641,33.9409303,25.24,DEVERS_1_QF,WindTurbine
-118.2639471,35.04362358,28.28,ANTLPE_2_QF,WindTurbine
-118.3830538,35.06791192,6.34,ANTLPE_2_QF,WindTurbine
-118.3845886,35.06941488,6.66,ANTLPE_2_QF,WindTurbine
-118.3789434,35.07308796,4.5,ANTLPE_2_QF,WindTurbine
-118.3696759,35.10523747,6.34,ANTLPE_2_QF,WindTurbine
-118.3394879,35.10131807,14.13,VINCNT_2_QF,WindTurbine
-118.3361742,35.10035887,21.15,VINCNT_2_QF,WindTurbine
-116.5652375,33.93940506,2.1,DEVERS_1_QF,WindTurbine
-116.5480255,33.88986924,3,DEVERS_1_QF,WindTurbine
-116.5834556,33.93863791,43.4,GARNET_2_WIND4,WindTurbine
-118.3921702,35.05906728,8.71,NZWIND_6_CALWND,WindTurbine
-118.3491747,35.05699523,4.5,ANTLPE_2_QF,WindTurbine
-116.5607813,33.91931917,11.7,WHTWTR_1_WINDA1,WindTurbine
-118.2430061,35.26317414,70.65,VINCNT_2_QF,WindTurbine
-116.7328019,33.91283467,25.15,DEVERS_1_QF,WindTurbine
-118.3138019,35.06941979,28.5,ANTLPE_2_QF,WindTurbine
-121.6437335,37.70333119,17,DEVERS_1_QF,WindTurbine
-116.5957122,33.90452133,16.2,DEVERS_1_QF,WindTurbine
-116.5676464,33.94380053,9.08,DEVERS_1_QF,WindTurbine
-118.3614748,35.04460773,7.81,MIDWD_6_WNDLND,WindTurbine
-118.3854605,35.06602008,20.69,VINCNT_2_QF,WindTurbine
-118.3563926,35.09030788,16.91,MONLTS_2_MONWD4,WindTurbine
-118.3849878,35.08504118,6.32,ANTLPE_2_QF,WindTurbine
-116.6181894,33.93579407,19.17,VENWD_1_WIND3,WindTurbine
-118.2707935,35.06288123,23.5,VINCNT_2_QF,WindTurbine
-118.2669229,35.0488599,83.55,VINCNT_2_QF,WindTurbine
-116.5668292,33.90926855,2.18,GARNET_2_WPMWD6,WindTurbine
-118.2723443,35.04660624,31.5,ANTLPE_2_QF,WindTurbine
-118.3070412,35.10402413,19.96,ARBWD_6_QF,WindTurbine
-121.6472668,37.73990456,16.02,ZOND_6_UNIT,WindTurbine
-121.5821674,37.76515649,56.2,ALTMID_2_UNIT 1,WindTurbine
-121.6880562,37.77892281,18.96,FLOWD2_2_UNIT 1,WindTurbine
-121.5987871,37.70965696,21.84,LFC 51_2_UNIT 1,WindTurbine
-121.1764265,37.05009457,18.43,INTTRB_6_UNIT,WindTurbine
-121.8050689,38.13505347,162,BRDSLD_2_HIWIND,WindTurbine
-121.7672281,38.12649688,127.8,USWNDR_2_SMUD,WindTurbine
-121.7615598,38.09886569,102.18,USWNDR_2_SMUD,WindTurbine
-121.8475769,38.11562691,150,BRDSLD_2_SHILO1,WindTurbine
-116.3377141,32.71391904,50,CRSTWD_6_KUMYAY,WindTurbine
-116.58699,33.91824289,22.44,MTWIND_1_UNIT 3,WindTurbine
-116.618381,33.92232821,61.5,WHTWTR_1_WINDA1,WindTurbine
-116.5873713,33.93854769,45,TIFFNY_1_DILLON,WindTurbine
-116.5681213,33.89679102,7.24,GARNET_2_DIFWD1,WindTurbine
-116.564046,33.89998534,5.36,VINCNT_2_QF,WindTurbine
-118.4225107,34.90129508,143.5,ROSMDW_2_WIND1,WindTurbine
-118.3644645,35.03435404,150,ALTA4A_2_CPCW1,WindTurbine
-121.8016786,38.15086572,36.8,BRDSLD_2_MTZUMA,WindTurbine
-118.2995987,35.02235777,150,ALTA4B_2_CPCW2,WindTurbine
-118.2213577,35.0547469,23,DEVERS_1_QF,WindTurbine
-118.2880763,35.08761216,14.9,DEVERS_1_QF,WindTurbine
-121.8662334,38.17614351,153.75,BRDSLD_2_SHLO3A,WindTurbine
-118.2955,35.05535048,60,VINCNT_2_WESTWD,WindTurbine
-118.3045194,35.0046466,150,ALTA4B_2_CPCW3,WindTurbine
-118.2580883,35.00446852,102,ALTA3A_2_CPCE4,WindTurbine
-118.2410873,34.99853011,168,ALTA3A_2_CPCE5,WindTurbine
-116.4614049,33.87837494,20,CAPWD_1_QF,WindTurbine
-121.8038431,38.10873596,78.2,BRDSLD_2_MTZUM2,WindTurbine
-118.241553,35.02538944,150,ALTA3A_2_CPCE8,WindTurbine
-121.7167538,37.78506059,78.2,USWPJR_2_UNITS,WindTurbine
-118.3110772,35.0463922,150,ALTA4B_2_CPCW6,WindTurbine
-118.3233544,35.07536259,59.67,ENWIND_2_WIND1,WindTurbine
-118.2496464,35.01397684,102,BRODIE_2_WIND,WindTurbine
-116.0626858,32.74798468,265.44,OCTILO_5_WIND,WindTurbine
-118.182025,35.34601111,162,JAWBNE_2_NSRWND,WindTurbine
-118.2208418,35.0370913,168,ALT6DN_2_WIND7,WindTurbine
-118.2117741,35.01579552,132,ALT6DS_2_WIND9,WindTurbine
-118.3667231,35.05694328,120,WNDSTR_2_WIND,WindTurbine
-118.4681994,34.93331628,189,MANZNA_2_WIND,WindTurbine
-121.8595917,38.15924488,102.5,BRDSLD_2_SHLO3A,WindTurbine
-121.837699,38.1369797,102.5,BRDSLD_2_SHLO3B,WindTurbine
-121.6174257,37.75960995,17.98,FLOWD2_2_FPLWND,WindTurbine
-121.6553873,37.80417348,38,WNDMAS_2_UNIT 1,WindTurbine
-116.5625693,33.88238571,49,BLAST_1_WIND,WindTurbine
-116.5606376,33.91192262,1.32,GARNET_2_WPMWD6,WindTurbine
-118.242901,35.05120423,99,RTREE_2_WIND3,WindTurbine
-116.5823879,33.90268938,6.5,GARNET_1_WIND,WindTurbine
-118.2148141,35.06914144,136.8,ALTA6E_2_WIND10,WindTurbine
-118.3914083,35.06749364,89.65,ALTA6B_2_WIND11,WindTurbine
-116.5730936,33.91889828,44.4,MTWIND_1_UNIT 1,WindTurbine
-116.5736769,33.91099978,22.2,MTWIND_1_UNIT 2,WindTurbine
-121.710711,37.77591445,16.3,BUCKWD_1_QF,WindTurbine
-118.220821,35.0770066,79.2,RTREE_2_WIND1,WindTurbine
-118.2072507,35.08426938,19.8,RTREE_2_WIND2,WindTurbine
-121.6431572,37.71277162,85.92,USWND2_1_WIND1,WindTurbine
-118.341235,35.05845311,15,DTCHWD_2_BT3WND,WindTurbine
-122.5641942,38.16094298,1.96,NOVATO_6_LNDFL,InternalCombustion
-122.5642346,38.16087951,1.96,NOVATO_6_LNDFL,InternalCombustion
-117.2394833,32.87333059,3,UCMTG_7_UCSD3,CombinedCycle
-120.859616,35.95307645,3,FELLOW_1_TENNCO,CombinedCycle
-120.8594676,35.95310493,3,FELLOW_1_TENNCO,CombinedCycle
-117.2082887,32.74158096,2.6,PTLOMA_6_NTCQF,CombinedCycle
-118.4054382,33.9054629,1.5,CHEVMN_2_UNITS,CombinedCycle
-118.1410825,33.98847806,1.25,LAGBEL_6_QF,CombinedCycle
-118.4051648,33.90532904,1.2,CHEVMN_2_UNITS,CombinedCycle
-117.2630135,34.05114294,1.2,SBERDO_2_QF,CombinedCycle
-117.6055649,34.04026848,1.49,CHINO_2_SOLAR2,PhotoVoltaic
-117.2843454,33.89614642,1.49,VALLEY_5_SOLAR1,PhotoVoltaic
-119.6295731,35.41588105,20,PMPJCK_1_RB2SLR,PhotoVoltaic
-120.9090359,39.94124931,35.27,SPQUIN_6_SRPCQU,SteamTurbine
-117.0684819,34.07724304,0.25,SBERDO_6_MILLCK,HydraulicTurbine
-117.6840338,34.15544334,0.24,PADUA_2_ONTARO,HydraulicTurbine
-117.6839221,34.15535637,0.24,PADUA_2_ONTARO,HydraulicTurbine
-115.549113,33.16669966,49.9,MIDWYS_2_MIDSL1,PhotoVoltaic
-118.395217,34.84633895,54,RTEDDY_2_SOLAR1,PhotoVoltaic
-118.4411422,34.82254185,54,RTEDDY_2_SOLAR2,PhotoVoltaic
-118.2810095,34.71653479,20,GLDFGR_6_SOLAR1,PhotoVoltaic
-118.305334,34.71237743,11.4,GLDFGR_6_SOLAR2,PhotoVoltaic
-119.2487456,35.12369875,10,SKERN_6_SOLAR2,PhotoVoltaic
-118.3111365,34.67818119,20,BIGSKY_2_BSKSR7,PhotoVoltaic
-118.3140663,34.68099201,20,BIGSKY_2_BSKSR8,PhotoVoltaic
-118.2983574,34.66747503,20,BIGSKY_2_BSKSR6,PhotoVoltaic
-120.3456372,36.54789172,9,GIFFEN_6_SOLAR1,PhotoVoltaic
-115.5397812,33.15116066,20,MIDWY3_2_MDSSR1,PhotoVoltaic
-118.087666,34.66151516,3.3,OASIS_6_SOLAR3,PhotoVoltaic
-116.8603992,33.01966143,4.9,CRELMN_6_RAMSR3,PhotoVoltaic
-120.8782987,36.61467736,240,PNCHVS_2_SOLAR,PhotoVoltaic
-120.3385016,35.87199226,130,CALFTN_2_SOLAR,PhotoVoltaic
-118.5430927,34.83630867,20,GASKW1_2_GW1SR1,PhotoVoltaic
-116.5302997,33.92298536,1.5,DEVERS_2_DHSPG2,PhotoVoltaic
-118.8474714,35.29291764,2,LITLRK_6_SOLAR3,PhotoVoltaic
-118.082082,34.64869984,1,MAGUND_1_BKISR1,PhotoVoltaic
-118.9784916,35.32667883,5.3,MAGUND_1_BKSSR2,PhotoVoltaic
-121.2152836,37.84017881,1,MANTEC_1_ML1SR1,PhotoVoltaic
-118.1877865,34.69161196,3.8,REDMAN_2_SOLAR,PhotoVoltaic
-122.5265049,38.01569046,2,RICHMN_1_SOLAR,PhotoVoltaic
-122.506791,38.03152415,8.5,RICHMN_1_CHVSR2,PhotoVoltaic
-119.2445783,35.73903567,1,SMYRNA_1_DL1SR1,PhotoVoltaic
-118.8122,35.32372081,20,LAMONT_1_SOLAR2,PhotoVoltaic
-118.3418474,35.05798034,5.04,ANTLPE_2_QF,WindTurbine
-118.3418474,35.05798034,1.84,ANTLPE_2_QF,WindTurbine
-118.3751788,35.0775507,4.36,ANTLPE_2_QF,WindTurbine
-116.0650135,32.57461002,155.1,ENERSJ_2_WIND,WindTurbine
-116.3016345,32.7619745,131,TULEWD_1_TULWD1,WindTurbine
-121.6312446,37.7672763,46,USWND2_1_WIND3,WindTurbine
-119.2114158,34.23345833,5.6,SNCLRA_6_QF,InternalCombustion
-121.6874974,38.59635812,2.4,DAVIS_7_MNMETH,InternalCombustion
-121.6873667,38.59616307,2.85,DAVIS_7_MNMETH,InternalCombustion
-117.8409493,33.93226921,32.81,OLINDA_2_LNDFL2,GasTurbine
-117.011719,32.60534821,3.7,OTAY_6_UNITC1,InternalCombustion
-119.116404,35.17309191,1,OLDRIV_6_CESDBM,GasTurbine
-122.5317427,38.58312,0.9,CSTOGA_6_LNDFIL,GasTurbine
-119.2030688,35.21428889,1,OLDRIV_6_LKVBM1,GasTurbine
-119.4328746,35.47220287,1,GANSO_1_WSTBM1,GasTurbine
-117.1406844,32.81981744,0.8,KYCORA_7_UNIT 1,InternalCombustion
-117.1406042,32.81978748,0.8,KYCORA_7_UNIT 1,InternalCombustion
-117.1407379,32.81972756,0.8,KYCORA_7_UNIT 1,InternalCombustion
-117.1406576,32.81969011,0.8,KYCORA_7_UNIT 1,InternalCombustion
-116.931019,32.58352258,3.2,BORDER_6_DONVAN,GasTurbine
-117.336841,33.13684392,105,CARLS2_1_CARCT1,GasTurbine
-117.3367448,33.13667375,105,CARLS1_2_CARCT1,GasTurbine
-118.752431,34.45952489,0.24,SAUGUS_6_QF,HydraulicTurbine
-121.1404665,39.39009151,0.15,TBLMTN_6_QF,HydraulicTurbine
-122.5355445,39.07876733,0.09,INDVLY_1_UNITS,HydraulicTurbine
-112.8366715,33.30530082,129,ARLVAL_5_SOLAR,PhotoVoltaic
-119.5961574,34.90490764,43.83,CUYAMS_6_CUYSR1,PhotoVoltaic
-120.3982882,36.58156519,20,TRNQL8_2_AMASR1,PhotoVoltaic
-120.3797492,36.58145067,20,TRNQL8_2_AZUSR1,PhotoVoltaic
-120.3796066,36.57057093,60,TRNQL8_2_VERSR1,PhotoVoltaic
-118.3104773,34.72062297,10,DELSUR_6_CREST,PhotoVoltaic
-118.1400939,34.66853592,5.5,LNCSTR_6_CREST,PhotoVoltaic
-116.0652629,34.14257951,13.5,OASIS_6_CREST,PhotoVoltaic
-115.97851,33.54860908,74.8,COLGNS_2_CNSSR1,PhotoVoltaic
-115.5174409,32.71350527,19,MIRAGE_2_COCHLA,SteamTurbine
-118.2504784,35.0434586,128.7,VOYAGR_2_VOYWD2,WindTurbine
-118.2756227,35.04778998,43.2,VOYAGR_2_VOYWD3,WindTurbine
-118.2726231,35.050941,21.6,VOYAGR_2_VOYWD4,WindTurbine
-120.4159555,36.58169258,100,TRNQL8_2_ROJSR1,PhotoVoltaic